order_id,product,product_price,order_total,amount,tipAmount,taxAmount,cashbackAmount,created_timestamp,created_at
YGBZWCDKA8CR2,Samosa Small 5pc,399.0,2311,2311.0,0.0,215.0,0.0,1784851295000,2026-07-24 00:01:35 UTC
YGBZWCDKA8CR2,1 Dal/Sabzi Medium,0.0,2311,2311.0,0.0,215.0,0.0,1784851295000,2026-07-24 00:01:35 UTC
YGBZWCDKA8CR2,Samosa Small 5pc,399.0,2311,2311.0,0.0,215.0,0.0,1784851295000,2026-07-24 00:01:35 UTC
YGBZWCDKA8CR2,Samosa Small 5pc,399.0,2311,2311.0,0.0,215.0,0.0,1784851295000,2026-07-24 00:01:35 UTC
H3A79VV320DSM,1 Dal/Sabzi Medium,0.0,2532,2532.0,0.0,235.0,0.0,1784851476000,2026-07-24 00:04:36 UTC
H3A79VV320DSM,Methi Parantha,699.0,2532,2532.0,0.0,235.0,0.0,1784851476000,2026-07-24 00:04:36 UTC
H3A79VV320DSM,Aloo Parantha,699.0,2532,2532.0,0.0,235.0,0.0,1784851476000,2026-07-24 00:04:36 UTC
8KGZVEEG6SR10,Samosa,149.0,329,329.0,0.0,31.0,0.0,1784851536000,2026-07-24 00:05:36 UTC
8KGZVEEG6SR10,Samosa,149.0,329,329.0,0.0,31.0,0.0,1784851536000,2026-07-24 00:05:36 UTC
JYMYBFQG9T84J,Dahi Poori,749.0,826,826.0,0.0,77.0,0.0,1784851553000,2026-07-24 00:05:53 UTC
KWT2YMPSB9BQ8,Gobi Parantha 4Pc Pack,599.0,989,989.0,0.0,92.0,0.0,1784851691000,2026-07-24 00:08:11 UTC
KWT2YMPSB9BQ8,Samosa,149.0,989,989.0,0.0,92.0,0.0,1784851691000,2026-07-24 00:08:11 UTC
KWT2YMPSB9BQ8,Samosa,149.0,989,989.0,0.0,92.0,0.0,1784851691000,2026-07-24 00:08:11 UTC
VG4H80G2CFG7T,Samosa Small 5pc,399.0,440,440.0,0.0,41.0,0.0,1784852007000,2026-07-24 00:13:27 UTC
CV0FXEDY2NAKY,Makki Roti with Saag Combo,799.0,2972,2972.0,270.0,276.0,0.0,1784852188000,2026-07-24 00:16:28 UTC
CV0FXEDY2NAKY,1 Dal/Sabzi Small,0.0,2972,2972.0,270.0,276.0,0.0,1784852188000,2026-07-24 00:16:28 UTC
CV0FXEDY2NAKY,Pakora,0.0,2972,2972.0,270.0,276.0,0.0,1784852188000,2026-07-24 00:16:28 UTC
CV0FXEDY2NAKY,Aloo Parantha,699.0,2972,2972.0,270.0,276.0,0.0,1784852188000,2026-07-24 00:16:28 UTC
RRMNH7FV2AXE8,Bread Pakora,249.0,373,373.0,0.0,35.0,0.0,1784852209000,2026-07-24 00:16:49 UTC
RRMNH7FV2AXE8,Tea,89.0,373,373.0,0.0,35.0,0.0,1784852209000,2026-07-24 00:16:49 UTC
AJ7TAJZG0DVHM,Tea,89.0,98,98.0,4.0,9.0,0.0,1784852325000,2026-07-24 00:18:45 UTC
34X689KAY42KP,Chilli Baby Corn,0.0,2423,2423.0,0.0,225.0,0.0,1784852505000,2026-07-24 00:21:45 UTC
34X689KAY42KP,Hakka Noodles,0.0,2423,2423.0,0.0,225.0,0.0,1784852505000,2026-07-24 00:21:45 UTC
Q30NWJB9EYQNE,Tea,89.0,1187,1187.0,0.0,110.0,0.0,1784852708000,2026-07-24 00:25:08 UTC
Q30NWJB9EYQNE,Tea,89.0,1187,1187.0,0.0,110.0,0.0,1784852708000,2026-07-24 00:25:08 UTC
Q30NWJB9EYQNE,Veg Momos (7 Pieces),899.0,1187,1187.0,0.0,110.0,0.0,1784852708000,2026-07-24 00:25:08 UTC
CACJMCBDGWHSE,Vada Pao,799.0,881,881.0,,82.0,0.0,1784852747000,2026-07-24 00:25:47 UTC
KDMVTX4JWSSYR,2 Veggie Combo,799.0,881,881.0,0.0,82.0,0.0,1784852906000,2026-07-24 00:28:26 UTC
VTF9AS0B9GKX8,Can Soda,199.0,439,439.0,,41.0,0.0,1784853066000,2026-07-24 00:31:06 UTC
VTF9AS0B9GKX8,Can Soda,199.0,439,439.0,,41.0,0.0,1784853066000,2026-07-24 00:31:06 UTC
6766BG6J985AT,1 Dal/Sabzi Small,0.0,1541,1541.0,0.0,143.0,0.0,1784853187000,2026-07-24 00:33:07 UTC
6766BG6J985AT,Paneer Parantha,799.0,1541,1541.0,0.0,143.0,0.0,1784853187000,2026-07-24 00:33:07 UTC
6AV5YVEYBWFQ8,Tea,89.0,869,869.0,0.0,81.0,0.0,1784853317000,2026-07-24 00:35:17 UTC
6AV5YVEYBWFQ8,Bhel Poori,699.0,869,869.0,0.0,81.0,0.0,1784853317000,2026-07-24 00:35:17 UTC
YT40M6GJ7FN34,Aloo Tikki Chole Chaat,859.0,2159,2159.0,0.0,201.0,0.0,1784853463000,2026-07-24 00:37:43 UTC
YT40M6GJ7FN34,Chilli Baby Corn,0.0,2159,2159.0,0.0,201.0,0.0,1784853463000,2026-07-24 00:37:43 UTC
E9EYPK8VGZH10,Veg Fried Rice,0.0,1101,1101.0,0.0,102.0,0.0,1784853534000,2026-07-24 00:38:54 UTC
0D2HR1V2EBZ2M,Schezwan Fried Rice,0.0,3855,3855.0,0.0,358.0,0.0,1784853714000,2026-07-24 00:41:54 UTC
0D2HR1V2EBZ2M,Chili Garlic Noodles,0.0,3855,3855.0,0.0,358.0,0.0,1784853714000,2026-07-24 00:41:54 UTC
0D2HR1V2EBZ2M,Veg Manchurian,0.0,3855,3855.0,0.0,358.0,0.0,1784853714000,2026-07-24 00:41:54 UTC
N9TE9JFBZPP1J,Paneer Pakora (5 Pieces),499.0,746,746.0,0.0,69.0,0.0,1784853753000,2026-07-24 00:42:33 UTC
N9TE9JFBZPP1J,Tea,89.0,746,746.0,0.0,69.0,0.0,1784853753000,2026-07-24 00:42:33 UTC
N9TE9JFBZPP1J,Tea,89.0,746,746.0,0.0,69.0,0.0,1784853753000,2026-07-24 00:42:33 UTC
RAHQJ14X3FPEW,Puff Patties,0.0,824,824.0,0.0,77.0,0.0,1784853842000,2026-07-24 00:44:02 UTC
HTZPMM4RMDEVT,Tea,89.0,1695,1695.0,0.0,158.0,0.0,1784853890000,2026-07-24 00:44:50 UTC
HTZPMM4RMDEVT,Dahi Bhalla Chaat,649.0,1695,1695.0,0.0,158.0,0.0,1784853890000,2026-07-24 00:44:50 UTC
HTZPMM4RMDEVT,Vada Pao,799.0,1695,1695.0,0.0,158.0,0.0,1784853890000,2026-07-24 00:44:50 UTC
GDWYW39PF09FJ,Tea,89.0,1351,1351.0,0.0,126.0,0.0,1784853960000,2026-07-24 00:46:00 UTC
GDWYW39PF09FJ,Puff Patties,0.0,1351,1351.0,0.0,126.0,0.0,1784853960000,2026-07-24 00:46:00 UTC
GDWYW39PF09FJ,Tea,89.0,1351,1351.0,0.0,126.0,0.0,1784853960000,2026-07-24 00:46:00 UTC
GDWYW39PF09FJ,Roti (10 Pack),549.0,1351,1351.0,0.0,126.0,0.0,1784853960000,2026-07-24 00:46:00 UTC
EWSNTMGWT12WY,Samosa,149.0,329,329.0,0.0,31.0,0.0,1784854040000,2026-07-24 00:47:20 UTC
EWSNTMGWT12WY,Samosa,149.0,329,329.0,0.0,31.0,0.0,1784854040000,2026-07-24 00:47:20 UTC
T5ZMHDEA47SEC,Tea,89.0,373,373.0,34.0,35.0,0.0,1784854329000,2026-07-24 00:52:09 UTC
T5ZMHDEA47SEC,Puff Patties,0.0,373,373.0,34.0,35.0,0.0,1784854329000,2026-07-24 00:52:09 UTC
AAFG40ER2SKHE,1 Dal/Sabzi Large,0.0,1653,1653.0,150.0,154.0,0.0,1784854466000,2026-07-24 00:54:26 UTC
20N9Q1M409PNJ,3 Veggie Combo Premium,999.0,1594,1594.0,0.0,148.0,0.0,1784854622000,2026-07-24 00:57:02 UTC
20N9Q1M409PNJ,Samosa,149.0,1594,1594.0,0.0,148.0,0.0,1784854622000,2026-07-24 00:57:02 UTC
20N9Q1M409PNJ,Samosa,149.0,1594,1594.0,0.0,148.0,0.0,1784854622000,2026-07-24 00:57:02 UTC
20N9Q1M409PNJ,Samosa,149.0,1594,1594.0,0.0,148.0,0.0,1784854622000,2026-07-24 00:57:02 UTC
BB11C7HS9ZWM2,Extra Sauce 2 Oz,25.0,1871,1871.0,0.0,174.0,0.0,1784854627000,2026-07-24 00:57:07 UTC
BB11C7HS9ZWM2,Rice Medium,399.0,1871,1871.0,0.0,174.0,0.0,1784854627000,2026-07-24 00:57:07 UTC
BB11C7HS9ZWM2,Dahi Bhalla Chaat,649.0,1871,1871.0,0.0,174.0,0.0,1784854627000,2026-07-24 00:57:07 UTC
BB11C7HS9ZWM2,Extra Sauce 2 Oz,25.0,1871,1871.0,0.0,174.0,0.0,1784854627000,2026-07-24 00:57:07 UTC
BB11C7HS9ZWM2,1 Dal/Sabzi Small,0.0,1871,1871.0,0.0,174.0,0.0,1784854627000,2026-07-24 00:57:07 UTC
XJ8FAHSJFPDW4,Tea,89.0,262,262.0,0.0,24.0,0.0,1784854664000,2026-07-24 00:57:44 UTC
XJ8FAHSJFPDW4,Samosa,149.0,262,262.0,0.0,24.0,0.0,1784854664000,2026-07-24 00:57:44 UTC
1TS1VVFG74HSE,Bhel Poori,699.0,771,771.0,0.0,72.0,0.0,1784854734000,2026-07-24 00:58:54 UTC
DPAZNAH4188AR,2 Veggie Combo,799.0,1870,1870.0,0.0,174.0,0.0,1784854750000,2026-07-24 00:59:10 UTC
DPAZNAH4188AR,Samosa Small 5pc,399.0,1870,1870.0,0.0,174.0,0.0,1784854750000,2026-07-24 00:59:10 UTC
DPAZNAH4188AR,Puff Patties,0.0,1870,1870.0,0.0,174.0,0.0,1784854750000,2026-07-24 00:59:10 UTC
1NPZQFN9ER524,Samosa Chaat,859.0,947,947.0,0.0,88.0,0.0,1784854951000,2026-07-24 01:02:31 UTC
3YY8HE0P7STRY,Plain Parantha (1 Piece),179.0,395,395.0,0.0,37.0,0.0,1784854991000,2026-07-24 01:03:11 UTC
3YY8HE0P7STRY,Plain Parantha (1 Piece),179.0,395,395.0,0.0,37.0,0.0,1784854991000,2026-07-24 01:03:11 UTC
RBCZTMVKJS5Z8,Chinese Combo Plate,1199.0,2972,2972.0,135.0,276.0,0.0,1784855024000,2026-07-24 01:03:44 UTC
RBCZTMVKJS5Z8,Chinese Combo Plate,1199.0,2972,2972.0,135.0,276.0,0.0,1784855024000,2026-07-24 01:03:44 UTC
RBCZTMVKJS5Z8,Samosa,149.0,2972,2972.0,135.0,276.0,0.0,1784855024000,2026-07-24 01:03:44 UTC
RBCZTMVKJS5Z8,Samosa,149.0,2972,2972.0,135.0,276.0,0.0,1784855024000,2026-07-24 01:03:44 UTC
662WW79XZJ3NE,Tea,89.0,538,538.0,0.0,50.0,0.0,1784855069000,2026-07-24 01:04:29 UTC
662WW79XZJ3NE,Small Chutney,399.0,538,538.0,0.0,50.0,0.0,1784855069000,2026-07-24 01:04:29 UTC
29YEFZDN09RZW,Puff Patties,0.0,1430,1430.0,0.0,133.0,0.0,1784855102000,2026-07-24 01:05:02 UTC
29YEFZDN09RZW,2 Veggie Combo,799.0,1430,1430.0,0.0,133.0,0.0,1784855102000,2026-07-24 01:05:02 UTC
Y8RRQBF4Z6X46,Chinese Combo Plate,1199.0,1322,1322.0,0.0,123.0,0.0,1784855150000,2026-07-24 01:05:50 UTC
Z0QHNVWCTFCXP,Samosa,149.0,164,164.0,0.0,15.0,0.0,1784855328000,2026-07-24 01:08:48 UTC
AZJ5BD66K45NG,Pakora,0.0,881,881.0,0.0,82.0,0.0,1784855376000,2026-07-24 01:09:36 UTC
6ZKR7HRH253M4,Roti (5 Pack),299.0,1982,1982.0,0.0,184.0,0.0,1784855378000,2026-07-24 01:09:38 UTC
6ZKR7HRH253M4,1 Dal/Sabzi Large,0.0,1982,1982.0,0.0,184.0,0.0,1784855378000,2026-07-24 01:09:38 UTC
JNHNPZPRG02SW,Samosa,149.0,164,164.0,0.0,15.0,0.0,1784855420000,2026-07-24 01:10:20 UTC
WVSS2F5T0M6Z4,Samosa Small 5pc,399.0,800,800.0,0.0,74.0,0.0,1784855421000,2026-07-24 01:10:21 UTC
WVSS2F5T0M6Z4,Samosa,149.0,800,800.0,0.0,74.0,0.0,1784855421000,2026-07-24 01:10:21 UTC
WVSS2F5T0M6Z4,Tea,89.0,800,800.0,0.0,74.0,0.0,1784855421000,2026-07-24 01:10:21 UTC
WVSS2F5T0M6Z4,Tea,89.0,800,800.0,0.0,74.0,0.0,1784855421000,2026-07-24 01:10:21 UTC
9VEMTJAAXTWQY,1 Dal/Sabzi Medium,0.0,2861,2861.0,0.0,266.0,0.0,1784855531000,2026-07-24 01:12:11 UTC
9VEMTJAAXTWQY,Samosa Small 5pc,399.0,2861,2861.0,0.0,266.0,0.0,1784855531000,2026-07-24 01:12:11 UTC
9VEMTJAAXTWQY,Puff Patties,0.0,2861,2861.0,0.0,266.0,0.0,1784855531000,2026-07-24 01:12:11 UTC
HTRVNMK2SQPKR,2 Veggie Combo,799.0,881,881.0,0.0,82.0,0.0,1784855564000,2026-07-24 01:12:44 UTC
EHZKZ5Z9CCQV0,Dahi Poori,749.0,826,826.0,0.0,77.0,0.0,1784855687000,2026-07-24 01:14:47 UTC
53Y1KR2HV63ER,Puff Patties,0.0,549,549.0,0.0,51.0,0.0,1784855721000,2026-07-24 01:15:21 UTC
KVXC8QKFHF6XC,1 Dal/Sabzi Medium,0.0,2203,2203.0,0.0,205.0,0.0,1784855754000,2026-07-24 01:15:54 UTC
KVXC8QKFHF6XC,Hakka Noodles,0.0,2203,2203.0,0.0,205.0,0.0,1784855754000,2026-07-24 01:15:54 UTC
HSFJRXT5HKH62,Chole Bhature,899.0,1938,1938.0,0.0,180.0,0.0,1784855783000,2026-07-24 01:16:23 UTC
HSFJRXT5HKH62,Samosa Chaat,859.0,1938,1938.0,0.0,180.0,0.0,1784855783000,2026-07-24 01:16:23 UTC
50RGF3T51H1E8,Puff Patties,0.0,1922,1922.0,0.0,179.0,0.0,1784855927000,2026-07-24 01:18:47 UTC
50RGF3T51H1E8,Puff Patties,0.0,1922,1922.0,0.0,179.0,0.0,1784855927000,2026-07-24 01:18:47 UTC
50RGF3T51H1E8,Puff Patties,0.0,1922,1922.0,0.0,179.0,0.0,1784855927000,2026-07-24 01:18:47 UTC
50RGF3T51H1E8,Puff Patties,0.0,1922,1922.0,0.0,179.0,0.0,1784855927000,2026-07-24 01:18:47 UTC
50RGF3T51H1E8,Puff Patties,0.0,1922,1922.0,0.0,179.0,0.0,1784855927000,2026-07-24 01:18:47 UTC
50RGF3T51H1E8,Puff Patties,0.0,1922,1922.0,0.0,179.0,0.0,1784855927000,2026-07-24 01:18:47 UTC
50RGF3T51H1E8,Puff Patties,0.0,1922,1922.0,0.0,179.0,0.0,1784855927000,2026-07-24 01:18:47 UTC
3N2FNCWVV5K1M,Samosa,149.0,2420,2420.0,0.0,225.0,0.0,1784856108000,2026-07-24 01:21:48 UTC
3N2FNCWVV5K1M,Samosa,149.0,2420,2420.0,0.0,225.0,0.0,1784856108000,2026-07-24 01:21:48 UTC
3N2FNCWVV5K1M,2 Veggie Combo,799.0,2420,2420.0,0.0,225.0,0.0,1784856108000,2026-07-24 01:21:48 UTC
3N2FNCWVV5K1M,2 Veggie Combo,799.0,2420,2420.0,0.0,225.0,0.0,1784856108000,2026-07-24 01:21:48 UTC
3N2FNCWVV5K1M,Hot Gulab Jamun,299.0,2420,2420.0,0.0,225.0,0.0,1784856108000,2026-07-24 01:21:48 UTC
RPT8JSABC4CDW,Chinese Combo Plate,1199.0,1541,1541.0,0.0,143.0,0.0,1784856271000,2026-07-24 01:24:31 UTC
RPT8JSABC4CDW,Can Soda,199.0,1541,1541.0,0.0,143.0,0.0,1784856271000,2026-07-24 01:24:31 UTC
A4MHWZP3ZEHQY,Aloo Parantha 4pc Pack,599.0,3194,3194.0,0.0,297.0,0.0,1784856319000,2026-07-24 01:25:19 UTC
A4MHWZP3ZEHQY,1 Dal/Sabzi Large,0.0,3194,3194.0,0.0,297.0,0.0,1784856319000,2026-07-24 01:25:19 UTC
A4MHWZP3ZEHQY,1 Dal/Sabzi Medium,0.0,3194,3194.0,0.0,297.0,0.0,1784856319000,2026-07-24 01:25:19 UTC
6T8TPZB6ZW2BR,Samosa,149.0,825,825.0,0.0,77.0,0.0,1784856373000,2026-07-24 01:26:13 UTC
6T8TPZB6ZW2BR,Pakora,0.0,825,825.0,0.0,77.0,0.0,1784856373000,2026-07-24 01:26:13 UTC
CRT3JGGR1PW5Y,Tea,89.0,98,98.0,0.0,9.0,0.0,1784856400000,2026-07-24 01:26:40 UTC
DC1EVHBYJQK7A,Samosa,149.0,493,493.0,0.0,46.0,0.0,1784856442000,2026-07-24 01:27:22 UTC
DC1EVHBYJQK7A,Samosa,149.0,493,493.0,0.0,46.0,0.0,1784856442000,2026-07-24 01:27:22 UTC
DC1EVHBYJQK7A,Samosa,149.0,493,493.0,0.0,46.0,0.0,1784856442000,2026-07-24 01:27:22 UTC
MN3SKVNJFH036,Pakora,0.0,1595,1595.0,0.0,148.0,0.0,1784856501000,2026-07-24 01:28:21 UTC
MN3SKVNJFH036,Puff Patties,0.0,1595,1595.0,0.0,148.0,0.0,1784856501000,2026-07-24 01:28:21 UTC
MN3SKVNJFH036,1 Dal/Sabzi Small,0.0,1595,1595.0,0.0,148.0,0.0,1784856501000,2026-07-24 01:28:21 UTC
M6EJCEW9MR0T0,Hot Gulab Jamun,299.0,330,330.0,0.0,31.0,0.0,1784856519000,2026-07-24 01:28:39 UTC
PVS017FGJJVZ6,Dhokla,0.0,935,935.0,0.0,87.0,0.0,1784856551000,2026-07-24 01:29:11 UTC
PVS017FGJJVZ6,Roti (10 Pack),549.0,935,935.0,0.0,87.0,0.0,1784856551000,2026-07-24 01:29:11 UTC
HPKS375VYG01C,Tea,89.0,196,196.0,9.0,18.0,0.0,1784856582000,2026-07-24 01:29:42 UTC
HPKS375VYG01C,Tea,89.0,196,196.0,9.0,18.0,0.0,1784856582000,2026-07-24 01:29:42 UTC
F3T2T0T60BF6M,Puff Patties,0.0,1155,1155.0,0.0,107.0,0.0,1784856634000,2026-07-24 01:30:34 UTC
F3T2T0T60BF6M,2 Veggie Combo,799.0,1155,1155.0,0.0,107.0,0.0,1784856634000,2026-07-24 01:30:34 UTC
WE59817Q5PGTE,Papdi Chaat,799.0,881,881.0,0.0,82.0,0.0,1784856675000,2026-07-24 01:31:15 UTC
EBCX6HMS8AGWP,Puff Patties,0.0,549,549.0,0.0,51.0,0.0,1784856751000,2026-07-24 01:32:31 UTC
X6PW8AK2M7QHM,Samosa Small 5pc,399.0,2643,2643.0,0.0,246.0,0.0,1784856779000,2026-07-24 01:32:59 UTC
X6PW8AK2M7QHM,3 Veggie Combo Premium,999.0,2643,2643.0,0.0,246.0,0.0,1784856779000,2026-07-24 01:32:59 UTC
X6PW8AK2M7QHM,3 Veggie Combo Premium,999.0,2643,2643.0,0.0,246.0,0.0,1784856779000,2026-07-24 01:32:59 UTC
6BE7041R8DWDE,1 Dal/Sabzi Medium,0.0,3083,3083.0,0.0,287.0,0.0,1784856839000,2026-07-24 01:33:59 UTC
6BE7041R8DWDE,Roti (10 Pack),549.0,3083,3083.0,0.0,287.0,0.0,1784856839000,2026-07-24 01:33:59 UTC
6BE7041R8DWDE,Roti (10 Pack),549.0,3083,3083.0,0.0,287.0,0.0,1784856839000,2026-07-24 01:33:59 UTC
RCD2MGV22KTTC,Samosa,149.0,657,657.0,,61.0,0.0,1784856878000,2026-07-24 01:34:38 UTC
RCD2MGV22KTTC,Samosa,149.0,657,657.0,,61.0,0.0,1784856878000,2026-07-24 01:34:38 UTC
RCD2MGV22KTTC,Samosa,149.0,657,657.0,,61.0,0.0,1784856878000,2026-07-24 01:34:38 UTC
RCD2MGV22KTTC,Samosa,149.0,657,657.0,,61.0,0.0,1784856878000,2026-07-24 01:34:38 UTC
R1G49QG0ZTNZ4,1 Dal/Sabzi Medium,0.0,2423,2423.0,0.0,225.0,0.0,1784856971000,2026-07-24 01:36:11 UTC
R1G49QG0ZTNZ4,1 Dal/Sabzi Large,0.0,2423,2423.0,0.0,225.0,0.0,1784856971000,2026-07-24 01:36:11 UTC
VTCSCN4SX75SG,Chili Garlic Noodles,0.0,2203,2203.0,0.0,205.0,0.0,1784857038000,2026-07-24 01:37:18 UTC
VTCSCN4SX75SG,Pakora,0.0,2203,2203.0,0.0,205.0,0.0,1784857038000,2026-07-24 01:37:18 UTC
FAD9BB0DWZ7T2,Hakka Noodles,0.0,1212,1212.0,0.0,113.0,0.0,1784857062000,2026-07-24 01:37:42 UTC
XZXJ8HDCEV7BJ,2 Veggie Combo,799.0,1211,1211.0,0.0,113.0,0.0,1784857095000,2026-07-24 01:38:15 UTC
XZXJ8HDCEV7BJ,Roti (5 Pack),299.0,1211,1211.0,0.0,113.0,0.0,1784857095000,2026-07-24 01:38:15 UTC
TQZKAA246BQMJ,Papdi Chaat,799.0,881,881.0,0.0,82.0,0.0,1784857133000,2026-07-24 01:38:53 UTC
TEG7JA7BWC7F6,Tea,89.0,98,98.0,9.0,9.0,0.0,1784857152000,2026-07-24 01:39:12 UTC
0FMKJ2GPNZFCJ,Samosa Small 5pc,399.0,440,440.0,0.0,41.0,0.0,1784857178000,2026-07-24 01:39:38 UTC
1NH9C4XWWEC3A,Samosa,149.0,329,329.0,0.0,31.0,0.0,1784857198000,2026-07-24 01:39:58 UTC
1NH9C4XWWEC3A,Samosa,149.0,329,329.0,0.0,31.0,0.0,1784857198000,2026-07-24 01:39:58 UTC
B303QSPSW4SQ4,Samosa Small 5pc,399.0,1762,1762.0,0.0,164.0,0.0,1784857270000,2026-07-24 01:41:10 UTC
B303QSPSW4SQ4,Chili Garlic Noodles,0.0,1762,1762.0,0.0,164.0,0.0,1784857270000,2026-07-24 01:41:10 UTC
11K3EGEYXGCM6,2 Veggie Combo,799.0,1155,1155.0,0.0,107.0,0.0,1784857370000,2026-07-24 01:42:50 UTC
11K3EGEYXGCM6,Puff Patties,0.0,1155,1155.0,0.0,107.0,0.0,1784857370000,2026-07-24 01:42:50 UTC
DCWDE7TNVPC4M,Samosa,149.0,1099,1099.0,0.0,102.0,0.0,1784857466000,2026-07-24 01:44:26 UTC
DCWDE7TNVPC4M,Samosa,149.0,1099,1099.0,0.0,102.0,0.0,1784857466000,2026-07-24 01:44:26 UTC
DCWDE7TNVPC4M,Bhel Poori,699.0,1099,1099.0,0.0,102.0,0.0,1784857466000,2026-07-24 01:44:26 UTC
340FD547XVMC0,Gobi Manchurian,0.0,1763,1763.0,0.0,164.0,0.0,1784857502000,2026-07-24 01:45:02 UTC
0B3KT1G058SFJ,Bhel Poori,699.0,771,771.0,0.0,72.0,0.0,1784857513000,2026-07-24 01:45:13 UTC
AWC7KCZ4XVM2W,Puff Patties,0.0,1222,1222.0,0.0,114.0,0.0,1784857542000,2026-07-24 01:45:42 UTC
AWC7KCZ4XVM2W,Samosa Chaat,859.0,1222,1222.0,0.0,114.0,0.0,1784857542000,2026-07-24 01:45:42 UTC
DR7F6M1DEKN7Y,Samosa,149.0,262,262.0,12.0,24.0,0.0,1784857673000,2026-07-24 01:47:53 UTC
DR7F6M1DEKN7Y,Tea,89.0,262,262.0,12.0,24.0,0.0,1784857673000,2026-07-24 01:47:53 UTC
58M9V59GXPP9C,1 Dal/Sabzi Medium,0.0,881,881.0,0.0,82.0,0.0,1784857813000,2026-07-24 01:50:13 UTC
TF0AXDNP7298G,3 Veggie Combo Premium,999.0,1101,1101.0,0.0,102.0,0.0,1784857881000,2026-07-24 01:51:21 UTC
JVF1YJH35QN02,Chinese Combo Plate,1199.0,1322,1322.0,,123.0,0.0,1784858027000,2026-07-24 01:53:47 UTC
CGQCXM34AECB8,Roti (10 Pack),549.0,5507,5507.0,0.0,512.0,0.0,1784858080000,2026-07-24 01:54:40 UTC
CGQCXM34AECB8,1 Dal/Sabzi Large,0.0,5507,5507.0,0.0,512.0,0.0,1784858080000,2026-07-24 01:54:40 UTC
CGQCXM34AECB8,Roti (10 Pack),549.0,5507,5507.0,0.0,512.0,0.0,1784858080000,2026-07-24 01:54:40 UTC
BGH5DGEDY6PWT,Tea,89.0,98,98.0,0.0,9.0,0.0,1784858117000,2026-07-24 01:55:17 UTC
4JWE4DG2TDM2W,Chili Garlic Noodles,0.0,1763,1763.0,0.0,164.0,0.0,1784858143000,2026-07-24 01:55:43 UTC
31QM9PHKH550P,Puff Patties,0.0,1373,1373.0,0.0,128.0,0.0,1784858159000,2026-07-24 01:55:59 UTC
31QM9PHKH550P,Puff Patties,0.0,1373,1373.0,0.0,128.0,0.0,1784858159000,2026-07-24 01:55:59 UTC
31QM9PHKH550P,Puff Patties,0.0,1373,1373.0,0.0,128.0,0.0,1784858159000,2026-07-24 01:55:59 UTC
31QM9PHKH550P,Puff Patties,0.0,1373,1373.0,0.0,128.0,0.0,1784858159000,2026-07-24 01:55:59 UTC
31QM9PHKH550P,Puff Patties,0.0,1373,1373.0,0.0,128.0,0.0,1784858159000,2026-07-24 01:55:59 UTC
5Y3JQRMJPDTQE,Methi Parantha 4pc Pack,599.0,3346,3346.0,0.0,311.0,0.0,1784858183000,2026-07-24 01:56:23 UTC
5Y3JQRMJPDTQE,Tea,89.0,3346,3346.0,0.0,311.0,0.0,1784858183000,2026-07-24 01:56:23 UTC
5Y3JQRMJPDTQE,1 Dal/Sabzi Large,0.0,3346,3346.0,0.0,311.0,0.0,1784858183000,2026-07-24 01:56:23 UTC
5Y3JQRMJPDTQE,1 Dal/Sabzi Medium,0.0,3346,3346.0,0.0,311.0,0.0,1784858183000,2026-07-24 01:56:23 UTC
5Y3JQRMJPDTQE,Samosa,149.0,3346,3346.0,0.0,311.0,0.0,1784858183000,2026-07-24 01:56:23 UTC
Q6QYHWTC3NVXC,1 Dal/Sabzi Medium,0.0,2257,2257.0,0.0,210.0,0.0,1784858232000,2026-07-24 01:57:12 UTC
Q6QYHWTC3NVXC,Roti (10 Pack),549.0,2257,2257.0,0.0,210.0,0.0,1784858232000,2026-07-24 01:57:12 UTC
Q6QYHWTC3NVXC,1 Dal/Sabzi Small,0.0,2257,2257.0,0.0,210.0,0.0,1784858232000,2026-07-24 01:57:12 UTC
RYM6K9XQYXQZT,1 Dal/Sabzi Small,0.0,660,660.0,0.0,61.0,0.0,1784858280000,2026-07-24 01:58:00 UTC
T7FVS790PT8RY,1 Dal/Sabzi Medium,0.0,2808,2808.0,0.0,261.0,0.0,1784858616000,2026-07-24 02:03:36 UTC
T7FVS790PT8RY,Gobi Manchurian,0.0,2808,2808.0,0.0,261.0,0.0,1784858616000,2026-07-24 02:03:36 UTC
T7FVS790PT8RY,Roti (10 Pack),549.0,2808,2808.0,0.0,261.0,0.0,1784858616000,2026-07-24 02:03:36 UTC
HN4ZX82VBS3PT,Roti (10 Pack),549.0,2586,2586.0,0.0,240.0,0.0,1784858745000,2026-07-24 02:05:45 UTC
HN4ZX82VBS3PT,1 Dal/Sabzi Large,0.0,2586,2586.0,0.0,240.0,0.0,1784858745000,2026-07-24 02:05:45 UTC
HN4ZX82VBS3PT,Samosa,149.0,2586,2586.0,0.0,240.0,0.0,1784858745000,2026-07-24 02:05:45 UTC
HN4ZX82VBS3PT,Samosa,149.0,2586,2586.0,0.0,240.0,0.0,1784858745000,2026-07-24 02:05:45 UTC
RQM312585YTHC,Samosa Chaat,859.0,947,947.0,0.0,88.0,0.0,1784858784000,2026-07-24 02:06:24 UTC
TBKNT7NPBYQV0,1 Dal/Sabzi Small,0.0,2520,2520.0,0.0,234.0,0.0,1784858892000,2026-07-24 02:08:12 UTC
TBKNT7NPBYQV0,1 Dal/Sabzi Medium,0.0,2520,2520.0,0.0,234.0,0.0,1784858892000,2026-07-24 02:08:12 UTC
TBKNT7NPBYQV0,Tea,89.0,2520,2520.0,0.0,234.0,0.0,1784858892000,2026-07-24 02:08:12 UTC
TBKNT7NPBYQV0,1 Dal/Sabzi Medium,0.0,2520,2520.0,0.0,234.0,0.0,1784858892000,2026-07-24 02:08:12 UTC
4DAH3TNJ3T51R,1 Dal/Sabzi Medium,0.0,2534,2534.0,0.0,236.0,0.0,1784859026000,2026-07-24 02:10:26 UTC
4DAH3TNJ3T51R,1 Dal/Sabzi Large,0.0,2534,2534.0,0.0,236.0,0.0,1784859026000,2026-07-24 02:10:26 UTC
2MHASZKB8WJ8W,Samosa Small 5pc,399.0,604,604.0,0.0,56.0,0.0,1784859152000,2026-07-24 02:12:32 UTC
2MHASZKB8WJ8W,Samosa,149.0,604,604.0,0.0,56.0,0.0,1784859152000,2026-07-24 02:12:32 UTC
3K2FEZRRHXCTJ,Samosa Small 5pc,399.0,989,989.0,45.0,92.0,0.0,1784859226000,2026-07-24 02:13:46 UTC
3K2FEZRRHXCTJ,Puff Patties,0.0,989,989.0,45.0,92.0,0.0,1784859226000,2026-07-24 02:13:46 UTC
3K2FEZRRHXCTJ,Puff Patties,0.0,989,989.0,45.0,92.0,0.0,1784859226000,2026-07-24 02:13:46 UTC
WTNC9WEZ46T3W,Samosa Chaat,859.0,1773,1773.0,80.0,165.0,0.0,1784859248000,2026-07-24 02:14:08 UTC
WTNC9WEZ46T3W,Dahi Poori,749.0,1773,1773.0,80.0,165.0,0.0,1784859248000,2026-07-24 02:14:08 UTC
54TRNWCNFQJ96,Samosa Small 5pc,399.0,1387,1387.0,0.0,129.0,0.0,1784859300000,2026-07-24 02:15:00 UTC
54TRNWCNFQJ96,Samosa Chaat,859.0,1387,1387.0,0.0,129.0,0.0,1784859300000,2026-07-24 02:15:00 UTC
8WXJ408F6Z11Y,Tea,89.0,98,98.0,0.0,9.0,0.0,1784859302000,2026-07-24 02:15:02 UTC
HCPCNJ66M6D82,Samosa,149.0,4349,4349.0,0.0,404.0,0.0,1784859383000,2026-07-24 02:16:23 UTC
HCPCNJ66M6D82,Hakka Noodles,0.0,4349,4349.0,0.0,404.0,0.0,1784859383000,2026-07-24 02:16:23 UTC
HCPCNJ66M6D82,Gobi Manchurian,0.0,4349,4349.0,0.0,404.0,0.0,1784859383000,2026-07-24 02:16:23 UTC
HCPCNJ66M6D82,Samosa,149.0,4349,4349.0,0.0,404.0,0.0,1784859383000,2026-07-24 02:16:23 UTC
HCPCNJ66M6D82,Roti (10 Pack),549.0,4349,4349.0,0.0,404.0,0.0,1784859383000,2026-07-24 02:16:23 UTC
3K87FTTK4PN1J,Gobi Manchurian,0.0,2532,2532.0,0.0,235.0,0.0,1784859464000,2026-07-24 02:17:44 UTC
3K87FTTK4PN1J,Samosa,149.0,2532,2532.0,0.0,235.0,0.0,1784859464000,2026-07-24 02:17:44 UTC
3K87FTTK4PN1J,Roti (10 Pack),549.0,2532,2532.0,0.0,235.0,0.0,1784859464000,2026-07-24 02:17:44 UTC
WVZAA0HD8C080,1 Dal/Sabzi Large,0.0,2534,2534.0,0.0,236.0,0.0,1784859508000,2026-07-24 02:18:28 UTC
WVZAA0HD8C080,1 Dal/Sabzi Medium,0.0,2534,2534.0,0.0,236.0,0.0,1784859508000,2026-07-24 02:18:28 UTC
3MWSYRQEH7XM4,Plain Parantha (1 Piece),179.0,3769,3769.0,0.0,350.0,0.0,1784859523000,2026-07-24 02:18:43 UTC
3MWSYRQEH7XM4,2 Veggie Combo,799.0,3769,3769.0,0.0,350.0,0.0,1784859523000,2026-07-24 02:18:43 UTC
3MWSYRQEH7XM4,2 Veggie Combo,799.0,3769,3769.0,0.0,350.0,0.0,1784859523000,2026-07-24 02:18:43 UTC
3MWSYRQEH7XM4,Puff Patties,0.0,3769,3769.0,0.0,350.0,0.0,1784859523000,2026-07-24 02:18:43 UTC
3MWSYRQEH7XM4,Plain Parantha (1 Piece),179.0,3769,3769.0,0.0,350.0,0.0,1784859523000,2026-07-24 02:18:43 UTC
3MWSYRQEH7XM4,Plain Parantha (1 Piece),179.0,3769,3769.0,0.0,350.0,0.0,1784859523000,2026-07-24 02:18:43 UTC
3MWSYRQEH7XM4,Plain Parantha (1 Piece),179.0,3769,3769.0,0.0,350.0,0.0,1784859523000,2026-07-24 02:18:43 UTC
3MWSYRQEH7XM4,Plain Parantha (1 Piece),179.0,3769,3769.0,0.0,350.0,0.0,1784859523000,2026-07-24 02:18:43 UTC
3MWSYRQEH7XM4,Plain Parantha (1 Piece),179.0,3769,3769.0,0.0,350.0,0.0,1784859523000,2026-07-24 02:18:43 UTC
VAA0CGKKMHHRE,Chili Garlic Noodles,0.0,2710,2710.0,0.0,252.0,0.0,1784859533000,2026-07-24 02:18:53 UTC
VAA0CGKKMHHRE,Samosa Chaat,859.0,2710,2710.0,0.0,252.0,0.0,1784859533000,2026-07-24 02:18:53 UTC
RQ6XD17S0X23J,1 Dal/Sabzi Large,0.0,4032,4032.0,0.0,375.0,0.0,1784859575000,2026-07-24 02:19:35 UTC
RQ6XD17S0X23J,Samosa Chaat,859.0,4032,4032.0,0.0,375.0,0.0,1784859575000,2026-07-24 02:19:35 UTC
P7B9M7MSPBS4E,Samosa Small 5pc,399.0,1538,1538.0,0.0,143.0,0.0,1784859613000,2026-07-24 02:20:13 UTC
P7B9M7MSPBS4E,Puff Patties,0.0,1538,1538.0,0.0,143.0,0.0,1784859613000,2026-07-24 02:20:13 UTC
ZZ5S8GXJ07EET,Paneer Parantha,799.0,881,881.0,0.0,82.0,0.0,1784859645000,2026-07-24 02:20:45 UTC
D0K7FXP2T2M5E,1 Dal/Sabzi Medium,0.0,2093,2093.0,0.0,195.0,0.0,1784859692000,2026-07-24 02:21:32 UTC
D0K7FXP2T2M5E,Hakka Noodles,0.0,2093,2093.0,0.0,195.0,0.0,1784859692000,2026-07-24 02:21:32 UTC
GM7RASQ47G78R,2 Veggie Combo,799.0,881,881.0,40.0,82.0,0.0,1784859742000,2026-07-24 02:22:22 UTC
G6SPM85CMG5NE,Samosa,149.0,1314,1314.0,,122.0,0.0,1784859826000,2026-07-24 02:23:46 UTC
G6SPM85CMG5NE,Samosa,149.0,1314,1314.0,,122.0,0.0,1784859826000,2026-07-24 02:23:46 UTC
G6SPM85CMG5NE,Samosa,149.0,1314,1314.0,,122.0,0.0,1784859826000,2026-07-24 02:23:46 UTC
G6SPM85CMG5NE,Samosa,149.0,1314,1314.0,,122.0,0.0,1784859826000,2026-07-24 02:23:46 UTC
G6SPM85CMG5NE,Samosa,149.0,1314,1314.0,,122.0,0.0,1784859826000,2026-07-24 02:23:46 UTC
G6SPM85CMG5NE,Samosa,149.0,1314,1314.0,,122.0,0.0,1784859826000,2026-07-24 02:23:46 UTC
G6SPM85CMG5NE,Samosa,149.0,1314,1314.0,,122.0,0.0,1784859826000,2026-07-24 02:23:46 UTC
G6SPM85CMG5NE,Samosa,149.0,1314,1314.0,,122.0,0.0,1784859826000,2026-07-24 02:23:46 UTC
3S5S43CPXHWQM,Dhokla,0.0,660,660.0,0.0,61.0,0.0,1784859864000,2026-07-24 02:24:24 UTC
V4VN604Y4NKHE,Gobi Manchurian,0.0,1763,1763.0,0.0,164.0,0.0,1784859906000,2026-07-24 02:25:06 UTC
KJHK2M83KV7VM,Samosa,149.0,3285,3285.0,0.0,305.0,0.0,1784860014000,2026-07-24 02:26:54 UTC
KJHK2M83KV7VM,Samosa,149.0,3285,3285.0,0.0,305.0,0.0,1784860014000,2026-07-24 02:26:54 UTC
KJHK2M83KV7VM,Samosa,149.0,3285,3285.0,0.0,305.0,0.0,1784860014000,2026-07-24 02:26:54 UTC
KJHK2M83KV7VM,Samosa,149.0,3285,3285.0,0.0,305.0,0.0,1784860014000,2026-07-24 02:26:54 UTC
KJHK2M83KV7VM,Samosa,149.0,3285,3285.0,0.0,305.0,0.0,1784860014000,2026-07-24 02:26:54 UTC
KJHK2M83KV7VM,Samosa,149.0,3285,3285.0,0.0,305.0,0.0,1784860014000,2026-07-24 02:26:54 UTC
KJHK2M83KV7VM,Samosa,149.0,3285,3285.0,0.0,305.0,0.0,1784860014000,2026-07-24 02:26:54 UTC
KJHK2M83KV7VM,Samosa,149.0,3285,3285.0,0.0,305.0,0.0,1784860014000,2026-07-24 02:26:54 UTC
KJHK2M83KV7VM,Samosa,149.0,3285,3285.0,0.0,305.0,0.0,1784860014000,2026-07-24 02:26:54 UTC
KJHK2M83KV7VM,Samosa,149.0,3285,3285.0,0.0,305.0,0.0,1784860014000,2026-07-24 02:26:54 UTC
KJHK2M83KV7VM,Samosa,149.0,3285,3285.0,0.0,305.0,0.0,1784860014000,2026-07-24 02:26:54 UTC
KJHK2M83KV7VM,Samosa,149.0,3285,3285.0,0.0,305.0,0.0,1784860014000,2026-07-24 02:26:54 UTC
KJHK2M83KV7VM,Samosa,149.0,3285,3285.0,0.0,305.0,0.0,1784860014000,2026-07-24 02:26:54 UTC
KJHK2M83KV7VM,Samosa,149.0,3285,3285.0,0.0,305.0,0.0,1784860014000,2026-07-24 02:26:54 UTC
KJHK2M83KV7VM,Samosa,149.0,3285,3285.0,0.0,305.0,0.0,1784860014000,2026-07-24 02:26:54 UTC
KJHK2M83KV7VM,Samosa,149.0,3285,3285.0,0.0,305.0,0.0,1784860014000,2026-07-24 02:26:54 UTC
KJHK2M83KV7VM,Samosa,149.0,3285,3285.0,0.0,305.0,0.0,1784860014000,2026-07-24 02:26:54 UTC
KJHK2M83KV7VM,Samosa,149.0,3285,3285.0,0.0,305.0,0.0,1784860014000,2026-07-24 02:26:54 UTC
KJHK2M83KV7VM,Samosa,149.0,3285,3285.0,0.0,305.0,0.0,1784860014000,2026-07-24 02:26:54 UTC
KJHK2M83KV7VM,Samosa,149.0,3285,3285.0,0.0,305.0,0.0,1784860014000,2026-07-24 02:26:54 UTC
F7G93ECSFRFFT,Pakora,0.0,989,989.0,0.0,92.0,0.0,1784860235000,2026-07-24 02:30:35 UTC
F7G93ECSFRFFT,Samosa,149.0,989,989.0,0.0,92.0,0.0,1784860235000,2026-07-24 02:30:35 UTC
F7G93ECSFRFFT,Samosa,149.0,989,989.0,0.0,92.0,0.0,1784860235000,2026-07-24 02:30:35 UTC
SAJDHMVF8XD2E,Samosa Small 5pc,399.0,2312,2312.0,0.0,215.0,0.0,1784860353000,2026-07-24 02:32:33 UTC
SAJDHMVF8XD2E,Corn Pepper Salt,0.0,2312,2312.0,0.0,215.0,0.0,1784860353000,2026-07-24 02:32:33 UTC
SAJDHMVF8XD2E,Pakora,0.0,2312,2312.0,0.0,215.0,0.0,1784860353000,2026-07-24 02:32:33 UTC
24JTDWZ39HM56,Samosa Small 5pc,399.0,440,440.0,0.0,41.0,0.0,1784860354000,2026-07-24 02:32:34 UTC
RNW8ZFM8XCTV8,Dhokla,0.0,935,935.0,0.0,87.0,0.0,1784860491000,2026-07-24 02:34:51 UTC
RNW8ZFM8XCTV8,Puff Patties,0.0,935,935.0,0.0,87.0,0.0,1784860491000,2026-07-24 02:34:51 UTC
95H34VXJ2ZWJP,Samosa Small 5pc,399.0,2197,2197.0,0.0,204.0,0.0,1784860527000,2026-07-24 02:35:27 UTC
95H34VXJ2ZWJP,Puff Patties,0.0,2197,2197.0,0.0,204.0,0.0,1784860527000,2026-07-24 02:35:27 UTC
95H34VXJ2ZWJP,Hot Gulab Jamun,299.0,2197,2197.0,0.0,204.0,0.0,1784860527000,2026-07-24 02:35:27 UTC
95H34VXJ2ZWJP,Hot Gulab Jamun,299.0,2197,2197.0,0.0,204.0,0.0,1784860527000,2026-07-24 02:35:27 UTC
NVJ7EQQB3X8AT,Chili Garlic Noodles,0.0,1763,1763.0,0.0,164.0,0.0,1784860579000,2026-07-24 02:36:19 UTC
G1H4J1H020N5M,Roti (10 Pack),549.0,2037,2037.0,185.0,189.0,0.0,1784860615000,2026-07-24 02:36:55 UTC
G1H4J1H020N5M,1 Dal/Sabzi Large,0.0,2037,2037.0,185.0,189.0,0.0,1784860615000,2026-07-24 02:36:55 UTC
C8DN0J20Y0CW4,1 Dal/Sabzi Large,0.0,1653,1653.0,0.0,154.0,0.0,1784860641000,2026-07-24 02:37:21 UTC
399T64MPFMNXY,Puff Patties,0.0,2915,2915.0,0.0,271.0,0.0,1784860744000,2026-07-24 02:39:04 UTC
399T64MPFMNXY,Bhel Poori,699.0,2915,2915.0,0.0,271.0,0.0,1784860744000,2026-07-24 02:39:04 UTC
399T64MPFMNXY,Methi Parantha 4pc Pack,599.0,2915,2915.0,0.0,271.0,0.0,1784860744000,2026-07-24 02:39:04 UTC
399T64MPFMNXY,Aloo Parantha 4pc Pack,599.0,2915,2915.0,0.0,271.0,0.0,1784860744000,2026-07-24 02:39:04 UTC
399T64MPFMNXY,Puff Patties,0.0,2915,2915.0,0.0,271.0,0.0,1784860744000,2026-07-24 02:39:04 UTC
G0E0B1PF3E2HR,Tea,89.0,196,196.0,0.0,18.0,0.0,1784860784000,2026-07-24 02:39:44 UTC
G0E0B1PF3E2HR,Tea,89.0,196,196.0,0.0,18.0,0.0,1784860784000,2026-07-24 02:39:44 UTC
TXPKX0YW71FXR,Bhel Poori,699.0,771,771.0,0.0,72.0,0.0,1784860829000,2026-07-24 02:40:29 UTC
VMF5SAAZKR8KG,Tea,89.0,98,98.0,,9.0,0.0,1784860950000,2026-07-24 02:42:30 UTC
NX7D0Y2Z4VM0E,Roti (10 Pack),549.0,1926,1926.0,0.0,179.0,0.0,1784861070000,2026-07-24 02:44:30 UTC
NX7D0Y2Z4VM0E,1 Dal/Sabzi Medium,0.0,1926,1926.0,0.0,179.0,0.0,1784861070000,2026-07-24 02:44:30 UTC
NX7D0Y2Z4VM0E,Samosa Small 5pc,399.0,1926,1926.0,0.0,179.0,0.0,1784861070000,2026-07-24 02:44:30 UTC
27EHQD55HTMXP,Hakka Noodles,0.0,1212,1212.0,0.0,113.0,0.0,1784861237000,2026-07-24 02:47:17 UTC
ZQFJKAF2VS588,2 Veggie Combo,799.0,881,881.0,0.0,82.0,0.0,1784861358000,2026-07-24 02:49:18 UTC
RPNXV9HGTV91W,Samosa,149.0,2090,2090.0,,194.0,0.0,1784861431000,2026-07-24 02:50:31 UTC
RPNXV9HGTV91W,2 Veggie Combo,799.0,2090,2090.0,,194.0,0.0,1784861431000,2026-07-24 02:50:31 UTC
RPNXV9HGTV91W,Samosa,149.0,2090,2090.0,,194.0,0.0,1784861431000,2026-07-24 02:50:31 UTC
RPNXV9HGTV91W,2 Veggie Combo,799.0,2090,2090.0,,194.0,0.0,1784861431000,2026-07-24 02:50:31 UTC
S26Q2DHMANH4G,Gobi Manchurian,0.0,2753,2753.0,0.0,256.0,0.0,1784861492000,2026-07-24 02:51:32 UTC
S26Q2DHMANH4G,Roti (5 Pack),299.0,2753,2753.0,0.0,256.0,0.0,1784861492000,2026-07-24 02:51:32 UTC
S26Q2DHMANH4G,3 Veggie Combo Premium,999.0,2753,2753.0,0.0,256.0,0.0,1784861492000,2026-07-24 02:51:32 UTC
J4TPT25D7E8MG,Dahi Bhalla Chaat,649.0,716,716.0,0.0,67.0,0.0,1784861547000,2026-07-24 02:52:27 UTC
J7EHA7VRTTBZP,1 Dal/Sabzi Small,0.0,660,660.0,,61.0,0.0,1784861616000,2026-07-24 02:53:36 UTC
58RBSCTMHV33T,Roti (10 Pack),549.0,2752,2752.0,0.0,256.0,0.0,1784861711000,2026-07-24 02:55:11 UTC
58RBSCTMHV33T,Roti (10 Pack),549.0,2752,2752.0,0.0,256.0,0.0,1784861711000,2026-07-24 02:55:11 UTC
58RBSCTMHV33T,Methi Parantha,699.0,2752,2752.0,0.0,256.0,0.0,1784861711000,2026-07-24 02:55:11 UTC
58RBSCTMHV33T,Methi Parantha,699.0,2752,2752.0,0.0,256.0,0.0,1784861711000,2026-07-24 02:55:11 UTC
JGBMWHV1125XC,Puff Patties,0.0,824,824.0,0.0,77.0,0.0,1784861835000,2026-07-24 02:57:15 UTC
JGBMWHV1125XC,Puff Patties,0.0,824,824.0,0.0,77.0,0.0,1784861835000,2026-07-24 02:57:15 UTC
JGBMWHV1125XC,Puff Patties,0.0,824,824.0,0.0,77.0,0.0,1784861835000,2026-07-24 02:57:15 UTC
YEA78BDN0A73G,2 Veggie Combo,799.0,881,881.0,0.0,82.0,0.0,1784861854000,2026-07-24 02:57:34 UTC
0E2GNZZKW1EFY,2 Veggie Combo,799.0,2709,2709.0,246.0,252.0,0.0,1784862057000,2026-07-24 03:00:57 UTC
0E2GNZZKW1EFY,Papdi Chaat,799.0,2709,2709.0,246.0,252.0,0.0,1784862057000,2026-07-24 03:00:57 UTC
0E2GNZZKW1EFY,Aloo Tikki Chole Chaat,859.0,2709,2709.0,246.0,252.0,0.0,1784862057000,2026-07-24 03:00:57 UTC
QDA113WVNN02Y,Samosa Small 5pc,399.0,880,880.0,0.0,82.0,0.0,1784862158000,2026-07-24 03:02:38 UTC
QDA113WVNN02Y,Samosa Small 5pc,399.0,880,880.0,0.0,82.0,0.0,1784862158000,2026-07-24 03:02:38 UTC
0AYZCEPYN7N9P,Gobi Manchurian,0.0,3635,3635.0,0.0,338.0,0.0,1784862182000,2026-07-24 03:03:02 UTC
0AYZCEPYN7N9P,1 Dal/Sabzi Medium,0.0,3635,3635.0,0.0,338.0,0.0,1784862182000,2026-07-24 03:03:02 UTC
0AYZCEPYN7N9P,Chili Garlic Noodles,0.0,3635,3635.0,0.0,338.0,0.0,1784862182000,2026-07-24 03:03:02 UTC
3BJJX4XBZ449G,Tea,89.0,1200,1200.0,163.0,112.0,0.0,1784862213000,2026-07-24 03:03:33 UTC
3BJJX4XBZ449G,3 Veggie Combo Premium,999.0,1200,1200.0,163.0,112.0,0.0,1784862213000,2026-07-24 03:03:33 UTC
V94CGSVWY6SF8,Samosa,149.0,493,493.0,,46.0,0.0,1784862274000,2026-07-24 03:04:34 UTC
V94CGSVWY6SF8,Samosa,149.0,493,493.0,,46.0,0.0,1784862274000,2026-07-24 03:04:34 UTC
V94CGSVWY6SF8,Samosa,149.0,493,493.0,,46.0,0.0,1784862274000,2026-07-24 03:04:34 UTC
T608BCJS3NZNT,Store Employees Thali,500.0,500,500.0,,0.0,0.0,1784862345000,2026-07-24 03:05:45 UTC
YRX5AZW2TS6S6,Veg Momos (7 Pieces),899.0,3854,3854.0,0.0,358.0,0.0,1784862419000,2026-07-24 03:06:59 UTC
YRX5AZW2TS6S6,Chili Garlic Noodles,0.0,3854,3854.0,0.0,358.0,0.0,1784862419000,2026-07-24 03:06:59 UTC
YRX5AZW2TS6S6,Samosa Small 5pc,399.0,3854,3854.0,0.0,358.0,0.0,1784862419000,2026-07-24 03:06:59 UTC
YRX5AZW2TS6S6,Veg Fried Rice,0.0,3854,3854.0,0.0,358.0,0.0,1784862419000,2026-07-24 03:06:59 UTC
9VPZNECRRTD7A,Vada Pao,799.0,881,,,,,1784862508000,2026-07-24 03:08:28 UTC
K5JSKV1W9C72E,Chinese Combo Plate,1199.0,1322,1322.0,0.0,123.0,0.0,1784862544000,2026-07-24 03:09:04 UTC
F1Y0XB0589FAR,2 Veggie Combo,799.0,4516,4516.0,0.0,420.0,0.0,1784862653000,2026-07-24 03:10:53 UTC
F1Y0XB0589FAR,Vada Pao,799.0,4516,4516.0,0.0,420.0,0.0,1784862653000,2026-07-24 03:10:53 UTC
F1Y0XB0589FAR,Chili Garlic Noodles,0.0,4516,4516.0,0.0,420.0,0.0,1784862653000,2026-07-24 03:10:53 UTC
F1Y0XB0589FAR,1 Dal/Sabzi Medium,0.0,4516,4516.0,0.0,420.0,0.0,1784862653000,2026-07-24 03:10:53 UTC
4Z7S5XFQ72SCP,Puff Patties,0.0,1373,1373.0,0.0,128.0,0.0,1784862742000,2026-07-24 03:12:22 UTC
V7S5DN25ARTVP,Butter Naan,199.0,2531,2531.0,0.0,235.0,0.0,1784862831000,2026-07-24 03:13:51 UTC
V7S5DN25ARTVP,1 Dal/Sabzi Small,0.0,2531,2531.0,0.0,235.0,0.0,1784862831000,2026-07-24 03:13:51 UTC
V7S5DN25ARTVP,Butter Naan,199.0,2531,2531.0,0.0,235.0,0.0,1784862831000,2026-07-24 03:13:51 UTC
V7S5DN25ARTVP,1 Dal/Sabzi Large,0.0,2531,2531.0,0.0,235.0,0.0,1784862831000,2026-07-24 03:13:51 UTC
R6PZW95M6M54G,Store Employees Thali,500.0,500,500.0,,0.0,0.0,1784862847000,2026-07-24 03:14:07 UTC
SF1QVS0QAY40C,1 Dal/Sabzi Large,0.0,1653,1653.0,0.0,154.0,0.0,1784862865000,2026-07-24 03:14:25 UTC
FJE8HHS582X2C,Roti (10 Pack),549.0,605,605.0,0.0,56.0,0.0,1784862931000,2026-07-24 03:15:31 UTC
CY5T8JH9Q33CE,1 Dal/Sabzi Medium,0.0,3853,3853.0,0.0,358.0,0.0,1784863132000,2026-07-24 03:18:52 UTC
CY5T8JH9Q33CE,1 Dal/Sabzi Small,0.0,3853,3853.0,0.0,358.0,0.0,1784863132000,2026-07-24 03:18:52 UTC
CY5T8JH9Q33CE,Gobi Parantha 4Pc Pack,599.0,3853,3853.0,0.0,358.0,0.0,1784863132000,2026-07-24 03:18:52 UTC
CY5T8JH9Q33CE,1 Dal/Sabzi Medium,0.0,3853,3853.0,0.0,358.0,0.0,1784863132000,2026-07-24 03:18:52 UTC
CY5T8JH9Q33CE,Plain Parantha 4pc Pack,599.0,3853,3853.0,0.0,358.0,0.0,1784863132000,2026-07-24 03:18:52 UTC
19S6VSYC8AKBC,1 Dal/Sabzi Medium,0.0,4185,4185.0,0.0,389.0,0.0,1784863283000,2026-07-24 03:21:23 UTC
19S6VSYC8AKBC,Schezwan Fried Rice,0.0,4185,4185.0,0.0,389.0,0.0,1784863283000,2026-07-24 03:21:23 UTC
19S6VSYC8AKBC,1 Dal/Sabzi Medium,0.0,4185,4185.0,0.0,389.0,0.0,1784863283000,2026-07-24 03:21:23 UTC
19S6VSYC8AKBC,1 Dal/Sabzi Small,0.0,4185,4185.0,0.0,389.0,0.0,1784863283000,2026-07-24 03:21:23 UTC
ERJDD7QJ3WWP2,Hakka Noodles,0.0,2203,2203.0,0.0,205.0,0.0,1784863525000,2026-07-24 03:25:25 UTC
ERJDD7QJ3WWP2,Veg Momos (7 Pieces),899.0,2203,2203.0,0.0,205.0,0.0,1784863525000,2026-07-24 03:25:25 UTC
HDJPR30J9VZ44,2 Veggie Combo,799.0,881,881.0,0.0,82.0,0.0,1784863528000,2026-07-24 03:25:28 UTC
VZ5G7TBNSWHCR,1 Dal/Sabzi Medium,0.0,881,881.0,0.0,82.0,0.0,1784863560000,2026-07-24 03:26:00 UTC
NW8F91T9XPJ1T,Chinese Combo Plate,1199.0,1322,1322.0,,123.0,0.0,1784863707000,2026-07-24 03:28:27 UTC
Y9X71CKMC5Z5A,Dahi Bhalla Chaat,649.0,2255,2255.0,0.0,210.0,0.0,1784863737000,2026-07-24 03:28:57 UTC
Y9X71CKMC5Z5A,Dahi Bhalla Chaat,649.0,2255,2255.0,0.0,210.0,0.0,1784863737000,2026-07-24 03:28:57 UTC
Y9X71CKMC5Z5A,Puff Patties,0.0,2255,2255.0,0.0,210.0,0.0,1784863737000,2026-07-24 03:28:57 UTC
D0Q2AR9RPP4AA,Tea,89.0,196,196.0,,18.0,0.0,1784863785000,2026-07-24 03:29:45 UTC
D0Q2AR9RPP4AA,Tea,89.0,196,196.0,,18.0,0.0,1784863785000,2026-07-24 03:29:45 UTC
8QJBZHZK635M4,Tea,89.0,1283,1283.0,0.0,119.0,0.0,1784863894000,2026-07-24 03:31:34 UTC
8QJBZHZK635M4,Puff Patties,0.0,1283,1283.0,0.0,119.0,0.0,1784863894000,2026-07-24 03:31:34 UTC
8QJBZHZK635M4,Samosa Small 5pc,399.0,1283,1283.0,0.0,119.0,0.0,1784863894000,2026-07-24 03:31:34 UTC
8QJBZHZK635M4,Tea,89.0,1283,1283.0,0.0,119.0,0.0,1784863894000,2026-07-24 03:31:34 UTC
8QJBZHZK635M4,Tea,89.0,1283,1283.0,0.0,119.0,0.0,1784863894000,2026-07-24 03:31:34 UTC
8QJBZHZK635M4,Puff Patties,0.0,1283,1283.0,0.0,119.0,0.0,1784863894000,2026-07-24 03:31:34 UTC
3YD8F4900AGJT,Puff Patties,0.0,2695,2695.0,0.0,251.0,0.0,1784863947000,2026-07-24 03:32:27 UTC
3YD8F4900AGJT,Chili Garlic Noodles,0.0,2695,2695.0,0.0,251.0,0.0,1784863947000,2026-07-24 03:32:27 UTC
K6Y7ERBY5QEPT,Tea,89.0,1420,1420.0,0.0,132.0,0.0,1784863976000,2026-07-24 03:32:56 UTC
K6Y7ERBY5QEPT,Gobi Manchurian,0.0,1420,1420.0,0.0,132.0,0.0,1784863976000,2026-07-24 03:32:56 UTC
QQ6XE22Y8HEQ0,1 Dal/Sabzi Medium,0.0,991,991.0,0.0,92.0,0.0,1784864017000,2026-07-24 03:33:37 UTC
28QM2TNDKQNQA,Amritsari Kulcha Channa,899.0,991,991.0,0.0,92.0,0.0,1784864045000,2026-07-24 03:34:05 UTC
6WHX5RZRERWA8,Samosa,149.0,164,164.0,0.0,15.0,0.0,1784864073000,2026-07-24 03:34:33 UTC
4R01MG0CZYZ78,Tea,89.0,196,196.0,0.0,18.0,0.0,1784864097000,2026-07-24 03:34:57 UTC
4R01MG0CZYZ78,Tea,89.0,196,196.0,0.0,18.0,0.0,1784864097000,2026-07-24 03:34:57 UTC
DDRJWVA80ZVX0,Samosa,149.0,2090,2090.0,0.0,194.0,0.0,1784864178000,2026-07-24 03:36:18 UTC
DDRJWVA80ZVX0,Amritsari Kulcha Channa,899.0,2090,2090.0,0.0,194.0,0.0,1784864178000,2026-07-24 03:36:18 UTC
DDRJWVA80ZVX0,Samosa,149.0,2090,2090.0,0.0,194.0,0.0,1784864178000,2026-07-24 03:36:18 UTC
DDRJWVA80ZVX0,Aloo Parantha,699.0,2090,2090.0,0.0,194.0,0.0,1784864178000,2026-07-24 03:36:18 UTC
PPZ9YHT6E0F2E,3 Veggie Combo Premium,999.0,2420,2420.0,0.0,225.0,0.0,1784864246000,2026-07-24 03:37:26 UTC
PPZ9YHT6E0F2E,Hot Gulab Jamun,299.0,2420,2420.0,0.0,225.0,0.0,1784864246000,2026-07-24 03:37:26 UTC
PPZ9YHT6E0F2E,Hot Gulab Jamun,299.0,2420,2420.0,0.0,225.0,0.0,1784864246000,2026-07-24 03:37:26 UTC
PPZ9YHT6E0F2E,Hot Gulab Jamun,299.0,2420,2420.0,0.0,225.0,0.0,1784864246000,2026-07-24 03:37:26 UTC
PPZ9YHT6E0F2E,Hot Gulab Jamun,299.0,2420,2420.0,0.0,225.0,0.0,1784864246000,2026-07-24 03:37:26 UTC
B8PMGS4NC34F4,Puff Patties,0.0,824,824.0,0.0,77.0,0.0,1784864275000,2026-07-24 03:37:55 UTC
B8PMGS4NC34F4,Puff Patties,0.0,824,824.0,0.0,77.0,0.0,1784864275000,2026-07-24 03:37:55 UTC
76JQV4GZ4WM02,Tea,89.0,294,294.0,0.0,27.0,0.0,1784864314000,2026-07-24 03:38:34 UTC
76JQV4GZ4WM02,Tea,89.0,294,294.0,0.0,27.0,0.0,1784864314000,2026-07-24 03:38:34 UTC
76JQV4GZ4WM02,Tea,89.0,294,294.0,0.0,27.0,0.0,1784864314000,2026-07-24 03:38:34 UTC
HFSMWQ2APDHXC,2 Veggie Combo,799.0,1209,1209.0,0.0,112.0,0.0,1784864683000,2026-07-24 03:44:43 UTC
HFSMWQ2APDHXC,Samosa,149.0,1209,1209.0,0.0,112.0,0.0,1784864683000,2026-07-24 03:44:43 UTC
HFSMWQ2APDHXC,Samosa,149.0,1209,1209.0,0.0,112.0,0.0,1784864683000,2026-07-24 03:44:43 UTC
2SRZZH7TW5C08,Samosa,149.0,1209,1209.0,0.0,112.0,0.0,1784864927000,2026-07-24 03:48:47 UTC
2SRZZH7TW5C08,2 Veggie Combo,799.0,1209,1209.0,0.0,112.0,0.0,1784864927000,2026-07-24 03:48:47 UTC
2SRZZH7TW5C08,Samosa,149.0,1209,1209.0,0.0,112.0,0.0,1784864927000,2026-07-24 03:48:47 UTC
515YJAA8TVTBM,2 Veggie Combo,799.0,2203,2203.0,0.0,205.0,0.0,1784865095000,2026-07-24 03:51:35 UTC
515YJAA8TVTBM,Chinese Combo Plate,1199.0,2203,2203.0,0.0,205.0,0.0,1784865095000,2026-07-24 03:51:35 UTC
24QF37AVEAQEM,2 Veggie Combo,799.0,2419,2419.0,0.0,225.0,0.0,1784865326000,2026-07-24 03:55:26 UTC
24QF37AVEAQEM,Samosa,149.0,2419,2419.0,0.0,225.0,0.0,1784865326000,2026-07-24 03:55:26 UTC
24QF37AVEAQEM,Samosa,149.0,2419,2419.0,0.0,225.0,0.0,1784865326000,2026-07-24 03:55:26 UTC
24QF37AVEAQEM,Samosa,149.0,2419,2419.0,0.0,225.0,0.0,1784865326000,2026-07-24 03:55:26 UTC
24QF37AVEAQEM,Samosa,149.0,2419,2419.0,0.0,225.0,0.0,1784865326000,2026-07-24 03:55:26 UTC
24QF37AVEAQEM,2 Veggie Combo,799.0,2419,2419.0,0.0,225.0,0.0,1784865326000,2026-07-24 03:55:26 UTC
XYC2TFQN538G8,Roti (10 Pack),549.0,3690,3690.0,0.0,343.0,0.0,1784865387000,2026-07-24 03:56:27 UTC
XYC2TFQN538G8,1 Dal/Sabzi Large,0.0,3690,3690.0,0.0,343.0,0.0,1784865387000,2026-07-24 03:56:27 UTC
53SYV9G120TWP,2 Veggie Combo,799.0,2419,2419.0,0.0,225.0,0.0,1784865501000,2026-07-24 03:58:21 UTC
53SYV9G120TWP,Samosa,149.0,2419,2419.0,0.0,225.0,0.0,1784865501000,2026-07-24 03:58:21 UTC
53SYV9G120TWP,Samosa,149.0,2419,2419.0,0.0,225.0,0.0,1784865501000,2026-07-24 03:58:21 UTC
53SYV9G120TWP,Samosa,149.0,2419,2419.0,0.0,225.0,0.0,1784865501000,2026-07-24 03:58:21 UTC
53SYV9G120TWP,2 Veggie Combo,799.0,2419,2419.0,0.0,225.0,0.0,1784865501000,2026-07-24 03:58:21 UTC
53SYV9G120TWP,Samosa,149.0,2419,2419.0,0.0,225.0,0.0,1784865501000,2026-07-24 03:58:21 UTC
AA9SNGA6F305M,Chinese Combo Plate,1199.0,1322,1322.0,0.0,123.0,0.0,1784865682000,2026-07-24 04:01:22 UTC
F0K2YDAZN62GG,Samosa,149.0,986,986.0,0.0,92.0,0.0,1784865811000,2026-07-24 04:03:31 UTC
F0K2YDAZN62GG,Samosa,149.0,986,986.0,0.0,92.0,0.0,1784865811000,2026-07-24 04:03:31 UTC
F0K2YDAZN62GG,Samosa,149.0,986,986.0,0.0,92.0,0.0,1784865811000,2026-07-24 04:03:31 UTC
F0K2YDAZN62GG,Samosa,149.0,986,986.0,0.0,92.0,0.0,1784865811000,2026-07-24 04:03:31 UTC
F0K2YDAZN62GG,Samosa,149.0,986,986.0,0.0,92.0,0.0,1784865811000,2026-07-24 04:03:31 UTC
F0K2YDAZN62GG,Samosa,149.0,986,986.0,0.0,92.0,0.0,1784865811000,2026-07-24 04:03:31 UTC
33WZF3CFGGTSR,Samosa,149.0,1643,1643.0,0.0,153.0,0.0,1784865939000,2026-07-24 04:05:39 UTC
33WZF3CFGGTSR,Samosa,149.0,1643,1643.0,0.0,153.0,0.0,1784865939000,2026-07-24 04:05:39 UTC
33WZF3CFGGTSR,Samosa,149.0,1643,1643.0,0.0,153.0,0.0,1784865939000,2026-07-24 04:05:39 UTC
33WZF3CFGGTSR,Samosa,149.0,1643,1643.0,0.0,153.0,0.0,1784865939000,2026-07-24 04:05:39 UTC
33WZF3CFGGTSR,Samosa,149.0,1643,1643.0,0.0,153.0,0.0,1784865939000,2026-07-24 04:05:39 UTC
33WZF3CFGGTSR,Samosa,149.0,1643,1643.0,0.0,153.0,0.0,1784865939000,2026-07-24 04:05:39 UTC
33WZF3CFGGTSR,Samosa,149.0,1643,1643.0,0.0,153.0,0.0,1784865939000,2026-07-24 04:05:39 UTC
33WZF3CFGGTSR,Samosa,149.0,1643,1643.0,0.0,153.0,0.0,1784865939000,2026-07-24 04:05:39 UTC
33WZF3CFGGTSR,Samosa,149.0,1643,1643.0,0.0,153.0,0.0,1784865939000,2026-07-24 04:05:39 UTC
33WZF3CFGGTSR,Samosa,149.0,1643,1643.0,0.0,153.0,0.0,1784865939000,2026-07-24 04:05:39 UTC
5PBY5ZANF6AJ4,3 Veggie Combo Premium,999.0,1101,1101.0,0.0,102.0,0.0,1784866043000,2026-07-24 04:07:23 UTC
9VY1FV21M5C9A,Samosa,149.0,657,657.0,,61.0,0.0,1784866108000,2026-07-24 04:08:28 UTC
9VY1FV21M5C9A,Samosa,149.0,657,657.0,,61.0,0.0,1784866108000,2026-07-24 04:08:28 UTC
9VY1FV21M5C9A,Samosa,149.0,657,657.0,,61.0,0.0,1784866108000,2026-07-24 04:08:28 UTC
9VY1FV21M5C9A,Samosa,149.0,657,657.0,,61.0,0.0,1784866108000,2026-07-24 04:08:28 UTC
JZGVFS2P208DC,Tea,89.0,98,98.0,,9.0,0.0,1784866131000,2026-07-24 04:08:51 UTC
T2G9E3S4Z861Y,Schezwan Fried Rice,0.0,1212,1212.0,0.0,113.0,0.0,1784866217000,2026-07-24 04:10:17 UTC
29DNWQ2QJ4F0T,Can Soda,199.0,1870,1870.0,0.0,174.0,0.0,1784866355000,2026-07-24 04:12:35 UTC
29DNWQ2QJ4F0T,Samosa,149.0,1870,1870.0,0.0,174.0,0.0,1784866355000,2026-07-24 04:12:35 UTC
29DNWQ2QJ4F0T,Samosa,149.0,1870,1870.0,0.0,174.0,0.0,1784866355000,2026-07-24 04:12:35 UTC
29DNWQ2QJ4F0T,Chinese Combo Plate,1199.0,1870,1870.0,0.0,174.0,0.0,1784866355000,2026-07-24 04:12:35 UTC
7K1J97PGRC8FM,Puff Patties,0.0,275,275.0,0.0,26.0,0.0,1784866425000,2026-07-24 04:13:45 UTC
2HXW06WV8767C,1 Dal/Sabzi Medium,0.0,1762,1762.0,0.0,164.0,0.0,1784866509000,2026-07-24 04:15:09 UTC
2HXW06WV8767C,Pakora,0.0,1762,1762.0,0.0,164.0,0.0,1784866509000,2026-07-24 04:15:09 UTC
7WHMHETE5G7R4,Chana Puri,899.0,991,991.0,0.0,92.0,0.0,1784866545000,2026-07-24 04:15:45 UTC
BSC0X1SY6KSRR,1 Dal/Sabzi Medium,0.0,991,991.0,,92.0,0.0,1784866580000,2026-07-24 04:16:20 UTC
4D81G3F3EYFYR,Tea,89.0,262,262.0,0.0,24.0,0.0,1784866616000,2026-07-24 04:16:56 UTC
4D81G3F3EYFYR,Samosa,149.0,262,262.0,0.0,24.0,0.0,1784866616000,2026-07-24 04:16:56 UTC
D3H7DCXDVQC5A,Samosa Small 5pc,399.0,3304,3304.0,0.0,307.0,0.0,1784866690000,2026-07-24 04:18:10 UTC
D3H7DCXDVQC5A,Schezwan Fried Rice,0.0,3304,3304.0,0.0,307.0,0.0,1784866690000,2026-07-24 04:18:10 UTC
PZFARGS1HGPGA,1 Dal/Sabzi Medium,0.0,2313,2313.0,0.0,215.0,0.0,1784866738000,2026-07-24 04:18:58 UTC
PZFARGS1HGPGA,Chinese Combo Plate,1199.0,2313,2313.0,0.0,215.0,0.0,1784866738000,2026-07-24 04:18:58 UTC
69W730R9Y77ET,Veg Fried Rice,0.0,2344,2344.0,213.0,218.0,0.0,1784866805000,2026-07-24 04:20:05 UTC
69W730R9Y77ET,Tea,89.0,2344,2344.0,213.0,218.0,0.0,1784866805000,2026-07-24 04:20:05 UTC
69W730R9Y77ET,Tea,89.0,2344,2344.0,213.0,218.0,0.0,1784866805000,2026-07-24 04:20:05 UTC
69W730R9Y77ET,Roti (10 Pack),549.0,2344,2344.0,213.0,218.0,0.0,1784866805000,2026-07-24 04:20:05 UTC
72R3Z3N52DNBE,2 Veggie Combo,799.0,881,881.0,0.0,82.0,0.0,1784866894000,2026-07-24 04:21:34 UTC
JBSMSGP0EGY98,Tea,89.0,98,98.0,,9.0,0.0,1784866925000,2026-07-24 04:22:05 UTC
VSC9XVZK6EQ1R,Roti (10 Pack),549.0,605,605.0,0.0,56.0,0.0,1784866957000,2026-07-24 04:22:37 UTC
VGG4D3ZAXP8A6,Puff Patties,0.0,275,275.0,12.0,26.0,0.0,1784867039000,2026-07-24 04:23:59 UTC
CXYX2EHJB5G5C,Dhokla,0.0,2257,2257.0,0.0,210.0,0.0,1784867140000,2026-07-24 04:25:40 UTC
CXYX2EHJB5G5C,1 Dal/Sabzi Medium,0.0,2257,2257.0,0.0,210.0,0.0,1784867140000,2026-07-24 04:25:40 UTC
CXYX2EHJB5G5C,Roti (10 Pack),549.0,2257,2257.0,0.0,210.0,0.0,1784867140000,2026-07-24 04:25:40 UTC
5SRC2ZBYNERDT,Bottle Soda,299.0,330,330.0,0.0,31.0,0.0,1784867276000,2026-07-24 04:27:56 UTC
90Z6YCBY53VXR,Roti (5 Pack),299.0,330,330.0,0.0,31.0,0.0,1784867322000,2026-07-24 04:28:42 UTC
XR3XP0H0GRNY2,Hakka Noodles,0.0,1212,1212.0,0.0,113.0,0.0,1784867356000,2026-07-24 04:29:16 UTC
E4RNZ8FBQ0AV6,2 Veggie Combo,799.0,881,881.0,0.0,82.0,0.0,1784867493000,2026-07-24 04:31:33 UTC
R9JXVDG7VXZ00,Chinese Combo Plate,1199.0,1322,1322.0,,123.0,0.0,1784867640000,2026-07-24 04:34:00 UTC
CHQ1TP3GXNWC8,Schezwan Fried Rice,0.0,1212,1212.0,0.0,113.0,0.0,1784867690000,2026-07-24 04:34:50 UTC
X2F51MS5NCSHW,Samosa,149.0,329,329.0,0.0,31.0,0.0,1784867771000,2026-07-24 04:36:11 UTC
X2F51MS5NCSHW,Samosa,149.0,329,329.0,0.0,31.0,0.0,1784867771000,2026-07-24 04:36:11 UTC
0DZ3ZQSFHCYJ4,2 Veggie Combo,799.0,881,881.0,0.0,82.0,0.0,1784867921000,2026-07-24 04:38:41 UTC
JSR7VP97QMKTY,Hot Gulab Jamun,299.0,330,330.0,0.0,31.0,0.0,1784868010000,2026-07-24 04:40:10 UTC
FAE362H6EA8AT,Puff Patties,0.0,275,275.0,0.0,26.0,0.0,1784868079000,2026-07-24 04:41:19 UTC
53K3X7EP1FJPG,Tea,89.0,98,98.0,0.0,9.0,0.0,1784868450000,2026-07-24 04:47:30 UTC
PQDJ8CD0AE8HM,Dahi Bhalla Chaat,649.0,1155,1155.0,0.0,107.0,0.0,1784868483000,2026-07-24 04:48:03 UTC
PQDJ8CD0AE8HM,Samosa Small 5pc,399.0,1155,1155.0,0.0,107.0,0.0,1784868483000,2026-07-24 04:48:03 UTC
YM4BD7CCVGSXC,Samosa,149.0,164,164.0,0.0,15.0,0.0,1784868995000,2026-07-24 04:56:35 UTC
CGXMVFNFJ6J1P,Samosa Chaat,859.0,2499,2499.0,0.0,232.0,0.0,1784869085000,2026-07-24 04:58:05 UTC
CGXMVFNFJ6J1P,Roti (10 Pack),549.0,2499,2499.0,0.0,232.0,0.0,1784869085000,2026-07-24 04:58:05 UTC
CGXMVFNFJ6J1P,Samosa Chaat,859.0,2499,2499.0,0.0,232.0,0.0,1784869085000,2026-07-24 04:58:05 UTC
1S7RZ2B0G4YSE,Tea,89.0,196,196.0,0.0,18.0,0.0,1784869504000,2026-07-24 05:05:04 UTC
1S7RZ2B0G4YSE,Tea,89.0,196,196.0,0.0,18.0,0.0,1784869504000,2026-07-24 05:05:04 UTC
H3531EGRDPM1M,Tea,89.0,98,98.0,0.0,9.0,0.0,1784869526000,2026-07-24 05:05:26 UTC
5B4RBG5DPMR9J,Water Bottle,99.0,99,99.0,0.0,0.0,0.0,1784869621000,2026-07-24 05:07:01 UTC
3238QW3AHWXNR,3 Veggie Combo Premium,999.0,1101,1101.0,0.0,102.0,0.0,1784869663000,2026-07-24 05:07:43 UTC
PM6JPZRK9M4MP,2 Veggie Combo,799.0,881,881.0,0.0,82.0,0.0,1784869770000,2026-07-24 05:09:30 UTC
V1Z19HWC18VJP,2 Veggie Combo,799.0,881,881.0,0.0,82.0,0.0,1784869923000,2026-07-24 05:12:03 UTC
QGQ4BE988WVWG,Water Bottle,99.0,99,99.0,0.0,0.0,0.0,1784870023000,2026-07-24 05:13:43 UTC
SF6QF9DDW70YR,2 Veggie Combo,799.0,881,881.0,0.0,82.0,0.0,1784870041000,2026-07-24 05:14:01 UTC
V5JBTQ4WVX7ET,2 Veggie Combo,799.0,1211,1211.0,55.0,113.0,0.0,1784870177000,2026-07-24 05:16:17 UTC
V5JBTQ4WVX7ET,Roti (5 Pack),299.0,1211,1211.0,55.0,113.0,0.0,1784870177000,2026-07-24 05:16:17 UTC
36BVBB1GP8KR0,Can Soda,199.0,219,219.0,10.0,20.0,0.0,1784870217000,2026-07-24 05:16:57 UTC
C04FKZEYH749E,Tea,89.0,98,98.0,0.0,9.0,0.0,1784870239000,2026-07-24 05:17:19 UTC
F92M2BWC527A2,3 Veggie Combo Premium,999.0,1101,1101.0,0.0,102.0,0.0,1784870307000,2026-07-24 05:18:27 UTC
PMW30Y4XCZB2R,2 Veggie Combo,799.0,881,881.0,0.0,82.0,0.0,1784870357000,2026-07-24 05:19:17 UTC
MF60WZBETDVJP,Puff Patties,0.0,275,275.0,0.0,26.0,0.0,1784870420000,2026-07-24 05:20:20 UTC
T29HQVDT3MA5M,2 Veggie Combo,799.0,881,881.0,0.0,82.0,0.0,1784870580000,2026-07-24 05:23:00 UTC
NS4JWRSNTGBH2,Roti (10 Pack),549.0,2697,2697.0,,251.0,0.0,1784870783000,2026-07-24 05:26:23 UTC
NS4JWRSNTGBH2,1 Dal/Sabzi Medium,0.0,2697,2697.0,,251.0,0.0,1784870783000,2026-07-24 05:26:23 UTC
NS4JWRSNTGBH2,Roti (5 Pack),299.0,2697,2697.0,,251.0,0.0,1784870783000,2026-07-24 05:26:23 UTC
5FRXH04WGF7FG,Tea,89.0,98,98.0,0.0,9.0,0.0,1784870869000,2026-07-24 05:27:49 UTC
9SXDWXMBZBK7Y,Roti (10 Pack),549.0,1211,1211.0,0.0,113.0,0.0,1784870899000,2026-07-24 05:28:19 UTC
9SXDWXMBZBK7Y,Roti (10 Pack),549.0,1211,1211.0,0.0,113.0,0.0,1784870899000,2026-07-24 05:28:19 UTC
0F6GP7HH9M3RP,Kadhi Chawal,799.0,881,881.0,,82.0,0.0,1784871074000,2026-07-24 05:31:14 UTC
MBQRGD7XPN3R2,Roti (5 Pack),299.0,2202,2202.0,0.0,205.0,0.0,1784871226000,2026-07-24 05:33:46 UTC
MBQRGD7XPN3R2,1 Dal/Sabzi Medium,0.0,2202,2202.0,0.0,205.0,0.0,1784871226000,2026-07-24 05:33:46 UTC
1QRGG1JW79BXP,Tea,89.0,196,196.0,0.0,18.0,0.0,1784871276000,2026-07-24 05:34:36 UTC
1QRGG1JW79BXP,Tea,89.0,196,196.0,0.0,18.0,0.0,1784871276000,2026-07-24 05:34:36 UTC
XHST274ZF1W4A,Kadhi Chawal,799.0,3525,3525.0,480.0,328.0,0.0,1784871508000,2026-07-24 05:38:28 UTC
XHST274ZF1W4A,Kadhi Chawal,799.0,3525,3525.0,480.0,328.0,0.0,1784871508000,2026-07-24 05:38:28 UTC
XHST274ZF1W4A,Gobi Manchurian,0.0,3525,3525.0,480.0,328.0,0.0,1784871508000,2026-07-24 05:38:28 UTC
MKNFS695CWKNJ,Roti 1 Piece,79.0,1055,1055.0,0.0,98.0,0.0,1784871652000,2026-07-24 05:40:52 UTC
MKNFS695CWKNJ,Roti 1 Piece,79.0,1055,1055.0,0.0,98.0,0.0,1784871652000,2026-07-24 05:40:52 UTC
MKNFS695CWKNJ,2 Veggie Combo,799.0,1055,1055.0,0.0,98.0,0.0,1784871652000,2026-07-24 05:40:52 UTC
4EFS141B2X8MA,Tea,89.0,98,98.0,0.0,9.0,0.0,1784871694000,2026-07-24 05:41:34 UTC
QP86A4VH45BM8,Hakka Noodles,0.0,1212,1212.0,0.0,113.0,0.0,1784871717000,2026-07-24 05:41:57 UTC
SPR5XF43CXY94,Onion,60.0,2542,2542.0,0.0,225.0,0.0,1784871814000,2026-07-24 05:43:34 UTC
SPR5XF43CXY94,Onion,60.0,2542,2542.0,0.0,225.0,0.0,1784871814000,2026-07-24 05:43:34 UTC
SPR5XF43CXY94,Veg Fried Rice,0.0,2542,2542.0,0.0,225.0,0.0,1784871814000,2026-07-24 05:43:34 UTC
SPR5XF43CXY94,1 Dal/Sabzi Small,0.0,2542,2542.0,0.0,225.0,0.0,1784871814000,2026-07-24 05:43:34 UTC
72XQ32EMTMWZ8,Chinese Combo Plate,1199.0,2644,2644.0,0.0,246.0,0.0,1784872017000,2026-07-24 05:46:57 UTC
72XQ32EMTMWZ8,Chinese Combo Plate,1199.0,2644,2644.0,0.0,246.0,0.0,1784872017000,2026-07-24 05:46:57 UTC
CCWN62C2AV7QP,1 Dal/Sabzi Large,0.0,1653,1653.0,0.0,154.0,0.0,1784872020000,2026-07-24 05:47:00 UTC
5349G29G3ZQ1E,Puff Patties,0.0,1154,1154.0,0.0,107.0,0.0,1784872053000,2026-07-24 05:47:33 UTC
5349G29G3ZQ1E,Roti (10 Pack),549.0,1154,1154.0,0.0,107.0,0.0,1784872053000,2026-07-24 05:47:33 UTC
5BJ613C28025A,Roti (5 Pack),299.0,1529,1529.0,69.0,142.0,0.0,1784872260000,2026-07-24 05:51:00 UTC
5BJ613C28025A,3 Veggie Combo Premium,999.0,1529,1529.0,69.0,142.0,0.0,1784872260000,2026-07-24 05:51:00 UTC
5BJ613C28025A,Tea,89.0,1529,1529.0,69.0,142.0,0.0,1784872260000,2026-07-24 05:51:00 UTC
RD37Y237WXJAR,Roti (10 Pack),549.0,2863,2863.0,,266.0,0.0,1784872452000,2026-07-24 05:54:12 UTC
RD37Y237WXJAR,Roti (10 Pack),549.0,2863,2863.0,,266.0,0.0,1784872452000,2026-07-24 05:54:12 UTC
RD37Y237WXJAR,1 Dal/Sabzi Large,0.0,2863,2863.0,,266.0,0.0,1784872452000,2026-07-24 05:54:12 UTC
M0SVSCRVN1BFM,Roti 1 Piece,79.0,1936,1936.0,0.0,180.0,0.0,1784872886000,2026-07-24 06:01:26 UTC
M0SVSCRVN1BFM,2 Veggie Combo,799.0,1936,1936.0,0.0,180.0,0.0,1784872886000,2026-07-24 06:01:26 UTC
M0SVSCRVN1BFM,2 Veggie Combo,799.0,1936,1936.0,0.0,180.0,0.0,1784872886000,2026-07-24 06:01:26 UTC
M0SVSCRVN1BFM,Roti 1 Piece,79.0,1936,1936.0,0.0,180.0,0.0,1784872886000,2026-07-24 06:01:26 UTC
PZJ51DVBQDTWJ,Chinese Combo Plate,1199.0,1322,1322.0,0.0,123.0,0.0,1784872993000,2026-07-24 06:03:13 UTC
8PB5AZXHATSWA,Can Soda,199.0,219,219.0,0.0,20.0,0.0,1784873198000,2026-07-24 06:06:38 UTC
7SXFGMQJG1Y04,Samosa,149.0,1865,1865.0,254.0,173.0,0.0,1784873227000,2026-07-24 06:07:07 UTC
7SXFGMQJG1Y04,Puff Patties,0.0,1865,1865.0,254.0,173.0,0.0,1784873227000,2026-07-24 06:07:07 UTC
7SXFGMQJG1Y04,Can Soda,199.0,1865,1865.0,254.0,173.0,0.0,1784873227000,2026-07-24 06:07:07 UTC
7SXFGMQJG1Y04,Samosa,149.0,1865,1865.0,254.0,173.0,0.0,1784873227000,2026-07-24 06:07:07 UTC
7SXFGMQJG1Y04,Can Soda,199.0,1865,1865.0,254.0,173.0,0.0,1784873227000,2026-07-24 06:07:07 UTC
M9EQ6AF52QMXA,2 Veggie Combo,799.0,881,881.0,0.0,82.0,0.0,1784873325000,2026-07-24 06:08:45 UTC
ZTYV39NKQQ9XT,Dhokla,0.0,1484,1484.0,0.0,138.0,0.0,1784873371000,2026-07-24 06:09:31 UTC
ZTYV39NKQQ9XT,Puff Patties,0.0,1484,1484.0,0.0,138.0,0.0,1784873371000,2026-07-24 06:09:31 UTC
R4B0HCBHN6XM2,Tea,89.0,98,98.0,0.0,9.0,0.0,1784874550000,2026-07-24 06:29:10 UTC
HQVZY8AYNR2EW,Kitchen Employee Thali,500.0,500,500.0,0.0,0.0,0.0,1784874700000,2026-07-24 06:31:40 UTC
TXHGE1PP96844,Extra Sauce 2 Oz,25.0,28,28.0,0.0,3.0,0.0,1784876618000,2026-07-24 07:03:38 UTC
MD8W816CF12KC,Samosa,149.0,986,986.0,,92.0,0.0,1784906618000,2026-07-24 15:23:38 UTC
MD8W816CF12KC,Samosa,149.0,986,986.0,,92.0,0.0,1784906618000,2026-07-24 15:23:38 UTC
MD8W816CF12KC,Samosa,149.0,986,986.0,,92.0,0.0,1784906618000,2026-07-24 15:23:38 UTC
MD8W816CF12KC,Samosa,149.0,986,986.0,,92.0,0.0,1784906618000,2026-07-24 15:23:38 UTC
MD8W816CF12KC,Samosa,149.0,986,986.0,,92.0,0.0,1784906618000,2026-07-24 15:23:38 UTC
MD8W816CF12KC,Samosa,149.0,986,986.0,,92.0,0.0,1784906618000,2026-07-24 15:23:38 UTC
0NW2B3MNAFKD0,Tea,89.0,262,262.0,0.0,24.0,0.0,1784907137000,2026-07-24 15:32:17 UTC
0NW2B3MNAFKD0,Samosa,149.0,262,262.0,0.0,24.0,0.0,1784907137000,2026-07-24 15:32:17 UTC
C0EXHBVH15TH0,Tea,89.0,196,196.0,,18.0,0.0,1784908076000,2026-07-24 15:47:56 UTC
C0EXHBVH15TH0,Tea,89.0,196,196.0,,18.0,0.0,1784908076000,2026-07-24 15:47:56 UTC
3JGJAX877S49P,Samosa,149.0,657,657.0,0.0,61.0,0.0,1784908721000,2026-07-24 15:58:41 UTC
3JGJAX877S49P,Samosa,149.0,657,657.0,0.0,61.0,0.0,1784908721000,2026-07-24 15:58:41 UTC
3JGJAX877S49P,Samosa,149.0,657,657.0,0.0,61.0,0.0,1784908721000,2026-07-24 15:58:41 UTC
3JGJAX877S49P,Samosa,149.0,657,657.0,0.0,61.0,0.0,1784908721000,2026-07-24 15:58:41 UTC
ND5MXY2J59YNW,Samosa,149.0,657,657.0,0.0,61.0,0.0,1784908838000,2026-07-24 16:00:38 UTC
ND5MXY2J59YNW,Samosa,149.0,657,657.0,0.0,61.0,0.0,1784908838000,2026-07-24 16:00:38 UTC
ND5MXY2J59YNW,Samosa,149.0,657,657.0,0.0,61.0,0.0,1784908838000,2026-07-24 16:00:38 UTC
ND5MXY2J59YNW,Samosa,149.0,657,657.0,0.0,61.0,0.0,1784908838000,2026-07-24 16:00:38 UTC
2JVQ6183CR1R2,Medium Chutney,499.0,1198,1198.0,,111.0,0.0,1784908951000,2026-07-24 16:02:31 UTC
2JVQ6183CR1R2,Medium Chutney,499.0,1198,1198.0,,111.0,0.0,1784908951000,2026-07-24 16:02:31 UTC
2JVQ6183CR1R2,Tea,89.0,1198,1198.0,,111.0,0.0,1784908951000,2026-07-24 16:02:31 UTC
BNS0R3S21XVCW,Samosa,149.0,1084,1084.0,0.0,101.0,0.0,1784910242000,2026-07-24 16:24:02 UTC
BNS0R3S21XVCW,Samosa,149.0,1084,1084.0,0.0,101.0,0.0,1784910242000,2026-07-24 16:24:02 UTC
BNS0R3S21XVCW,Samosa,149.0,1084,1084.0,0.0,101.0,0.0,1784910242000,2026-07-24 16:24:02 UTC
BNS0R3S21XVCW,Samosa,149.0,1084,1084.0,0.0,101.0,0.0,1784910242000,2026-07-24 16:24:02 UTC
BNS0R3S21XVCW,Samosa,149.0,1084,1084.0,0.0,101.0,0.0,1784910242000,2026-07-24 16:24:02 UTC
BNS0R3S21XVCW,Tea,89.0,1084,1084.0,0.0,101.0,0.0,1784910242000,2026-07-24 16:24:02 UTC
BNS0R3S21XVCW,Samosa,149.0,1084,1084.0,0.0,101.0,0.0,1784910242000,2026-07-24 16:24:02 UTC
1PW76VXQA4WD2,Bhatura (1 Piece),299.0,29223,29223.0,0.0,2717.0,0.0,1784910782000,2026-07-24 16:33:02 UTC
1PW76VXQA4WD2,Bhatura (1 Piece),299.0,29223,29223.0,0.0,2717.0,0.0,1784910782000,2026-07-24 16:33:02 UTC
1PW76VXQA4WD2,Samosa,149.0,29223,29223.0,0.0,2717.0,0.0,1784910782000,2026-07-24 16:33:02 UTC
1PW76VXQA4WD2,Samosa,149.0,29223,29223.0,0.0,2717.0,0.0,1784910782000,2026-07-24 16:33:02 UTC
1PW76VXQA4WD2,Dhokla,0.0,29223,29223.0,0.0,2717.0,0.0,1784910782000,2026-07-24 16:33:02 UTC
1PW76VXQA4WD2,Dal/ Dal Makhani ( Full Tray),13000.0,29223,29223.0,0.0,2717.0,0.0,1784910782000,2026-07-24 16:33:02 UTC
1PW76VXQA4WD2,Hot Gulab Jamun,299.0,29223,29223.0,0.0,2717.0,0.0,1784910782000,2026-07-24 16:33:02 UTC
1PW76VXQA4WD2,Hot Gulab Jamun,299.0,29223,29223.0,0.0,2717.0,0.0,1784910782000,2026-07-24 16:33:02 UTC
1PW76VXQA4WD2,Hot Gulab Jamun,299.0,29223,29223.0,0.0,2717.0,0.0,1784910782000,2026-07-24 16:33:02 UTC
1PW76VXQA4WD2,Samosa,149.0,29223,29223.0,0.0,2717.0,0.0,1784910782000,2026-07-24 16:33:02 UTC
1PW76VXQA4WD2,Puff Patties,0.0,29223,29223.0,0.0,2717.0,0.0,1784910782000,2026-07-24 16:33:02 UTC
1PW76VXQA4WD2,Samosa,149.0,29223,29223.0,0.0,2717.0,0.0,1784910782000,2026-07-24 16:33:02 UTC
1PW76VXQA4WD2,Samosa,149.0,29223,29223.0,0.0,2717.0,0.0,1784910782000,2026-07-24 16:33:02 UTC
1PW76VXQA4WD2,Samosa,149.0,29223,29223.0,0.0,2717.0,0.0,1784910782000,2026-07-24 16:33:02 UTC
1PW76VXQA4WD2,Puff Patties,0.0,29223,29223.0,0.0,2717.0,0.0,1784910782000,2026-07-24 16:33:02 UTC
1PW76VXQA4WD2,Puff Patties,0.0,29223,29223.0,0.0,2717.0,0.0,1784910782000,2026-07-24 16:33:02 UTC
1PW76VXQA4WD2,Puff Patties,0.0,29223,29223.0,0.0,2717.0,0.0,1784910782000,2026-07-24 16:33:02 UTC
1PW76VXQA4WD2,Puff Patties,0.0,29223,29223.0,0.0,2717.0,0.0,1784910782000,2026-07-24 16:33:02 UTC
1PW76VXQA4WD2,Bhatura (1 Piece),299.0,29223,29223.0,0.0,2717.0,0.0,1784910782000,2026-07-24 16:33:02 UTC
1PW76VXQA4WD2,Bhatura (1 Piece),299.0,29223,29223.0,0.0,2717.0,0.0,1784910782000,2026-07-24 16:33:02 UTC
1PW76VXQA4WD2,Bhatura (1 Piece),299.0,29223,29223.0,0.0,2717.0,0.0,1784910782000,2026-07-24 16:33:02 UTC
1PW76VXQA4WD2,Bhatura (1 Piece),299.0,29223,29223.0,0.0,2717.0,0.0,1784910782000,2026-07-24 16:33:02 UTC
1PW76VXQA4WD2,Bhatura (1 Piece),299.0,29223,29223.0,0.0,2717.0,0.0,1784910782000,2026-07-24 16:33:02 UTC
1PW76VXQA4WD2,Gajjar Halwa,0.0,29223,29223.0,0.0,2717.0,0.0,1784910782000,2026-07-24 16:33:02 UTC
1PW76VXQA4WD2,Hot Gulab Jamun,299.0,29223,29223.0,0.0,2717.0,0.0,1784910782000,2026-07-24 16:33:02 UTC
1PW76VXQA4WD2,Hot Gulab Jamun,299.0,29223,29223.0,0.0,2717.0,0.0,1784910782000,2026-07-24 16:33:02 UTC
1PW76VXQA4WD2,Hot Gulab Jamun,299.0,29223,29223.0,0.0,2717.0,0.0,1784910782000,2026-07-24 16:33:02 UTC
1PW76VXQA4WD2,Bhatura (1 Piece),299.0,29223,29223.0,0.0,2717.0,0.0,1784910782000,2026-07-24 16:33:02 UTC
1PW76VXQA4WD2,Bhatura (1 Piece),299.0,29223,29223.0,0.0,2717.0,0.0,1784910782000,2026-07-24 16:33:02 UTC
1PW76VXQA4WD2,Bhatura (1 Piece),299.0,29223,29223.0,0.0,2717.0,0.0,1784910782000,2026-07-24 16:33:02 UTC
1PW76VXQA4WD2,Bhatura (1 Piece),299.0,29223,29223.0,0.0,2717.0,0.0,1784910782000,2026-07-24 16:33:02 UTC
1PW76VXQA4WD2,Bhatura (1 Piece),299.0,29223,29223.0,0.0,2717.0,0.0,1784910782000,2026-07-24 16:33:02 UTC
1PW76VXQA4WD2,Bhatura (1 Piece),299.0,29223,29223.0,0.0,2717.0,0.0,1784910782000,2026-07-24 16:33:02 UTC
1PW76VXQA4WD2,Bhatura (1 Piece),299.0,29223,29223.0,0.0,2717.0,0.0,1784910782000,2026-07-24 16:33:02 UTC
1PW76VXQA4WD2,Bhatura (1 Piece),299.0,29223,29223.0,0.0,2717.0,0.0,1784910782000,2026-07-24 16:33:02 UTC
1PW76VXQA4WD2,Bhatura (1 Piece),299.0,29223,29223.0,0.0,2717.0,0.0,1784910782000,2026-07-24 16:33:02 UTC
1PW76VXQA4WD2,Bhatura (1 Piece),299.0,29223,29223.0,0.0,2717.0,0.0,1784910782000,2026-07-24 16:33:02 UTC
1PW76VXQA4WD2,Bhatura (1 Piece),299.0,29223,29223.0,0.0,2717.0,0.0,1784910782000,2026-07-24 16:33:02 UTC
1PW76VXQA4WD2,Bhatura (1 Piece),299.0,29223,29223.0,0.0,2717.0,0.0,1784910782000,2026-07-24 16:33:02 UTC
1PW76VXQA4WD2,Bhatura (1 Piece),299.0,29223,29223.0,0.0,2717.0,0.0,1784910782000,2026-07-24 16:33:02 UTC
1PW76VXQA4WD2,Bhatura (1 Piece),299.0,29223,29223.0,0.0,2717.0,0.0,1784910782000,2026-07-24 16:33:02 UTC
1PW76VXQA4WD2,Bhatura (1 Piece),299.0,29223,29223.0,0.0,2717.0,0.0,1784910782000,2026-07-24 16:33:02 UTC
1PW76VXQA4WD2,Bhatura (1 Piece),299.0,29223,29223.0,0.0,2717.0,0.0,1784910782000,2026-07-24 16:33:02 UTC
1PW76VXQA4WD2,Bhatura (1 Piece),299.0,29223,29223.0,0.0,2717.0,0.0,1784910782000,2026-07-24 16:33:02 UTC
1PW76VXQA4WD2,Bhatura (1 Piece),299.0,29223,29223.0,0.0,2717.0,0.0,1784910782000,2026-07-24 16:33:02 UTC
1PW76VXQA4WD2,Bhatura (1 Piece),299.0,29223,29223.0,0.0,2717.0,0.0,1784910782000,2026-07-24 16:33:02 UTC
1PW76VXQA4WD2,Bhatura (1 Piece),299.0,29223,29223.0,0.0,2717.0,0.0,1784910782000,2026-07-24 16:33:02 UTC
1PW76VXQA4WD2,Bhatura (1 Piece),299.0,29223,29223.0,0.0,2717.0,0.0,1784910782000,2026-07-24 16:33:02 UTC
1PW76VXQA4WD2,Bhatura (1 Piece),299.0,29223,29223.0,0.0,2717.0,0.0,1784910782000,2026-07-24 16:33:02 UTC
1PW76VXQA4WD2,Bhatura (1 Piece),299.0,29223,29223.0,0.0,2717.0,0.0,1784910782000,2026-07-24 16:33:02 UTC
1PW76VXQA4WD2,Medium Chutney,499.0,29223,29223.0,0.0,2717.0,0.0,1784910782000,2026-07-24 16:33:02 UTC
1PW76VXQA4WD2,Mango Lassi,399.0,29223,29223.0,0.0,2717.0,0.0,1784910782000,2026-07-24 16:33:02 UTC
1PW76VXQA4WD2,Mango Lassi,399.0,29223,29223.0,0.0,2717.0,0.0,1784910782000,2026-07-24 16:33:02 UTC
1PW76VXQA4WD2,Mango Lassi,399.0,29223,29223.0,0.0,2717.0,0.0,1784910782000,2026-07-24 16:33:02 UTC
1PW76VXQA4WD2,Mango Lassi,399.0,29223,29223.0,0.0,2717.0,0.0,1784910782000,2026-07-24 16:33:02 UTC
1PW76VXQA4WD2,Mango Lassi,399.0,29223,29223.0,0.0,2717.0,0.0,1784910782000,2026-07-24 16:33:02 UTC
1PW76VXQA4WD2,Puff Patties,0.0,29223,29223.0,0.0,2717.0,0.0,1784910782000,2026-07-24 16:33:02 UTC
1PW76VXQA4WD2,Medium Chutney,499.0,29223,29223.0,0.0,2717.0,0.0,1784910782000,2026-07-24 16:33:02 UTC
JCBKSW8THAQ8E,Tea,89.0,98,98.0,,9.0,0.0,1784911949000,2026-07-24 16:52:29 UTC
T6KZCQTSJZXZW,Puff Patties,0.0,373,373.0,34.0,35.0,0.0,1784913183000,2026-07-24 17:13:03 UTC
T6KZCQTSJZXZW,Tea,89.0,373,373.0,34.0,35.0,0.0,1784913183000,2026-07-24 17:13:03 UTC
B7G9ERC0977QA,Roti (10 Pack),549.0,935,935.0,0.0,87.0,0.0,1784913296000,2026-07-24 17:14:56 UTC
B7G9ERC0977QA,Roti (5 Pack),299.0,935,935.0,0.0,87.0,0.0,1784913296000,2026-07-24 17:14:56 UTC
EKASW64PYSB60,Tea,89.0,98,98.0,,9.0,0.0,1784913454000,2026-07-24 17:17:34 UTC
ENKMR4S2Q03VJ,Tea,89.0,196,196.0,,18.0,0.0,1784913600000,2026-07-24 17:20:00 UTC
ENKMR4S2Q03VJ,Tea,89.0,196,196.0,,18.0,0.0,1784913600000,2026-07-24 17:20:00 UTC
127R0H9F9MJ80,Tea,89.0,98,98.0,0.0,9.0,0.0,1784913615000,2026-07-24 17:20:15 UTC
D2CJR5WSSNQH6,Tea,89.0,294,294.0,0.0,27.0,0.0,1784914135000,2026-07-24 17:28:55 UTC
D2CJR5WSSNQH6,Tea,89.0,294,294.0,0.0,27.0,0.0,1784914135000,2026-07-24 17:28:55 UTC
D2CJR5WSSNQH6,Tea,89.0,294,294.0,0.0,27.0,0.0,1784914135000,2026-07-24 17:28:55 UTC
96DD3WTK35AB8,Samosa,149.0,986,986.0,0.0,92.0,0.0,1784914308000,2026-07-24 17:31:48 UTC
96DD3WTK35AB8,Samosa,149.0,986,986.0,0.0,92.0,0.0,1784914308000,2026-07-24 17:31:48 UTC
96DD3WTK35AB8,Samosa,149.0,986,986.0,0.0,92.0,0.0,1784914308000,2026-07-24 17:31:48 UTC
96DD3WTK35AB8,Samosa,149.0,986,986.0,0.0,92.0,0.0,1784914308000,2026-07-24 17:31:48 UTC
96DD3WTK35AB8,Samosa,149.0,986,986.0,0.0,92.0,0.0,1784914308000,2026-07-24 17:31:48 UTC
96DD3WTK35AB8,Samosa,149.0,986,986.0,0.0,92.0,0.0,1784914308000,2026-07-24 17:31:48 UTC
TV1GFBVVQ5T7W,Puff Patties,0.0,275,275.0,0.0,26.0,0.0,1784914670000,2026-07-24 17:37:50 UTC
KP7K8BT3EHHQA,Samosa,149.0,657,657.0,,61.0,0.0,1784914691000,2026-07-24 17:38:11 UTC
KP7K8BT3EHHQA,Samosa,149.0,657,657.0,,61.0,0.0,1784914691000,2026-07-24 17:38:11 UTC
KP7K8BT3EHHQA,Samosa,149.0,657,657.0,,61.0,0.0,1784914691000,2026-07-24 17:38:11 UTC
KP7K8BT3EHHQA,Samosa,149.0,657,657.0,,61.0,0.0,1784914691000,2026-07-24 17:38:11 UTC
J2CZBR1F39GTG,Chole Bhature,899.0,991,,,,,1784914702000,2026-07-24 17:38:22 UTC
GEC9SXZVZW62M,Samosa Small 5pc,399.0,440,440.0,0.0,41.0,0.0,1784914814000,2026-07-24 17:40:14 UTC
XDGJEJZCQ78N2,Samosa Small 5pc,399.0,2640,2640.0,0.0,245.0,0.0,1784914925000,2026-07-24 17:42:05 UTC
XDGJEJZCQ78N2,Puff Patties,0.0,2640,2640.0,0.0,245.0,0.0,1784914925000,2026-07-24 17:42:05 UTC
XDGJEJZCQ78N2,Gobi Manchurian,0.0,2640,2640.0,0.0,245.0,0.0,1784914925000,2026-07-24 17:42:05 UTC
XDGJEJZCQ78N2,Roti (5 Pack),299.0,2640,2640.0,0.0,245.0,0.0,1784914925000,2026-07-24 17:42:05 UTC
82K6Z30DDDAGM,Samosa,149.0,329,329.0,0.0,31.0,0.0,1784915046000,2026-07-24 17:44:06 UTC
82K6Z30DDDAGM,Samosa,149.0,329,329.0,0.0,31.0,0.0,1784915046000,2026-07-24 17:44:06 UTC
A89F3PRNTV7NR,Spring Roll (4 Pieces),299.0,13545,13545.0,0.0,1259.0,0.0,1784915159000,2026-07-24 17:45:59 UTC
A89F3PRNTV7NR,Spring Roll (4 Pieces),299.0,13545,13545.0,0.0,1259.0,0.0,1784915159000,2026-07-24 17:45:59 UTC
A89F3PRNTV7NR,Spring Roll (4 Pieces),299.0,13545,13545.0,0.0,1259.0,0.0,1784915159000,2026-07-24 17:45:59 UTC
A89F3PRNTV7NR,Spring Roll (4 Pieces),299.0,13545,13545.0,0.0,1259.0,0.0,1784915159000,2026-07-24 17:45:59 UTC
A89F3PRNTV7NR,Spring Roll (4 Pieces),299.0,13545,13545.0,0.0,1259.0,0.0,1784915159000,2026-07-24 17:45:59 UTC
A89F3PRNTV7NR,Chinese Combo Plate,1199.0,13545,13545.0,0.0,1259.0,0.0,1784915159000,2026-07-24 17:45:59 UTC
A89F3PRNTV7NR,Chinese Combo Plate,1199.0,13545,13545.0,0.0,1259.0,0.0,1784915159000,2026-07-24 17:45:59 UTC
A89F3PRNTV7NR,Chinese Combo Plate,1199.0,13545,13545.0,0.0,1259.0,0.0,1784915159000,2026-07-24 17:45:59 UTC
A89F3PRNTV7NR,Chinese Combo Plate,1199.0,13545,13545.0,0.0,1259.0,0.0,1784915159000,2026-07-24 17:45:59 UTC
A89F3PRNTV7NR,Chinese Combo Plate,1199.0,13545,13545.0,0.0,1259.0,0.0,1784915159000,2026-07-24 17:45:59 UTC
A89F3PRNTV7NR,Chinese Combo Plate,1199.0,13545,13545.0,0.0,1259.0,0.0,1784915159000,2026-07-24 17:45:59 UTC
A89F3PRNTV7NR,Chinese Combo Plate,1199.0,13545,13545.0,0.0,1259.0,0.0,1784915159000,2026-07-24 17:45:59 UTC
A89F3PRNTV7NR,Chinese Combo Plate,1199.0,13545,13545.0,0.0,1259.0,0.0,1784915159000,2026-07-24 17:45:59 UTC
A89F3PRNTV7NR,Chinese Combo Plate,1199.0,13545,13545.0,0.0,1259.0,0.0,1784915159000,2026-07-24 17:45:59 UTC
K8REHCBVP3EGR,Samosa,149.0,1643,1643.0,0.0,153.0,0.0,1784915251000,2026-07-24 17:47:31 UTC
K8REHCBVP3EGR,Samosa,149.0,1643,1643.0,0.0,153.0,0.0,1784915251000,2026-07-24 17:47:31 UTC
K8REHCBVP3EGR,Samosa,149.0,1643,1643.0,0.0,153.0,0.0,1784915251000,2026-07-24 17:47:31 UTC
K8REHCBVP3EGR,Samosa,149.0,1643,1643.0,0.0,153.0,0.0,1784915251000,2026-07-24 17:47:31 UTC
K8REHCBVP3EGR,Samosa,149.0,1643,1643.0,0.0,153.0,0.0,1784915251000,2026-07-24 17:47:31 UTC
K8REHCBVP3EGR,Samosa,149.0,1643,1643.0,0.0,153.0,0.0,1784915251000,2026-07-24 17:47:31 UTC
K8REHCBVP3EGR,Samosa,149.0,1643,1643.0,0.0,153.0,0.0,1784915251000,2026-07-24 17:47:31 UTC
K8REHCBVP3EGR,Samosa,149.0,1643,1643.0,0.0,153.0,0.0,1784915251000,2026-07-24 17:47:31 UTC
K8REHCBVP3EGR,Samosa,149.0,1643,1643.0,0.0,153.0,0.0,1784915251000,2026-07-24 17:47:31 UTC
K8REHCBVP3EGR,Samosa,149.0,1643,1643.0,0.0,153.0,0.0,1784915251000,2026-07-24 17:47:31 UTC
B8825BJJQTKK4,Chinese Combo Plate,1199.0,1322,1322.0,0.0,123.0,0.0,1784915474000,2026-07-24 17:51:14 UTC
138G5NQVKC4WY,Samosa,149.0,164,164.0,,15.0,0.0,1784915740000,2026-07-24 17:55:40 UTC
TBCYQJPXQ8V50,2 Veggie Combo,799.0,2203,2203.0,0.0,205.0,0.0,1784916457000,2026-07-24 18:07:37 UTC
TBCYQJPXQ8V50,Gobi Manchurian,0.0,2203,2203.0,0.0,205.0,0.0,1784916457000,2026-07-24 18:07:37 UTC
X8JW668TDF0A0,3 Veggie Combo Premium,999.0,1101,1101.0,0.0,102.0,0.0,1784916693000,2026-07-24 18:11:33 UTC
G2RB4MR9597RA,Bhel Poori,699.0,935,935.0,0.0,87.0,0.0,1784916709000,2026-07-24 18:11:49 UTC
G2RB4MR9597RA,Samosa,149.0,935,935.0,0.0,87.0,0.0,1784916709000,2026-07-24 18:11:49 UTC
SE0NH6QTANVH6,Puff Patties,0.0,275,275.0,0.0,26.0,0.0,1784916732000,2026-07-24 18:12:12 UTC
K90GWQ42VK430,Sev Puri,699.0,771,771.0,0.0,72.0,0.0,1784916782000,2026-07-24 18:13:02 UTC
0RXBBRF20MD8E,Bread Pakora,249.0,373,373.0,0.0,35.0,0.0,1784916914000,2026-07-24 18:15:14 UTC
0RXBBRF20MD8E,Tea,89.0,373,373.0,0.0,35.0,0.0,1784916914000,2026-07-24 18:15:14 UTC
EJW845QD5GFXA,Samosa,149.0,591,591.0,0.0,55.0,0.0,1784916972000,2026-07-24 18:16:12 UTC
EJW845QD5GFXA,Samosa,149.0,591,591.0,0.0,55.0,0.0,1784916972000,2026-07-24 18:16:12 UTC
EJW845QD5GFXA,Tea,89.0,591,591.0,0.0,55.0,0.0,1784916972000,2026-07-24 18:16:12 UTC
EJW845QD5GFXA,Samosa,149.0,591,591.0,0.0,55.0,0.0,1784916972000,2026-07-24 18:16:12 UTC
VP6Q79DKQ1856,1 Dal/Sabzi Small,0.0,660,660.0,0.0,61.0,0.0,1784916985000,2026-07-24 18:16:25 UTC
CXDA0YF0C2XB0,Samosa,149.0,525,525.0,,49.0,0.0,1784917156000,2026-07-24 18:19:16 UTC
CXDA0YF0C2XB0,Tea,89.0,525,525.0,,49.0,0.0,1784917156000,2026-07-24 18:19:16 UTC
CXDA0YF0C2XB0,Tea,89.0,525,525.0,,49.0,0.0,1784917156000,2026-07-24 18:19:16 UTC
CXDA0YF0C2XB0,Samosa,149.0,525,525.0,,49.0,0.0,1784917156000,2026-07-24 18:19:16 UTC
3CFZDKQH45JZ2,Tea,89.0,126,126.0,0.0,12.0,0.0,1784917253000,2026-07-24 18:20:53 UTC
3CFZDKQH45JZ2,Tea Cup,25.0,126,126.0,0.0,12.0,0.0,1784917253000,2026-07-24 18:20:53 UTC
W3MXSJTTQ7F2Y,Pakora,0.0,2080,2080.0,0.0,193.0,0.0,1784917430000,2026-07-24 18:23:50 UTC
W3MXSJTTQ7F2Y,Chili Paneer,0.0,2080,2080.0,0.0,193.0,0.0,1784917430000,2026-07-24 18:23:50 UTC
W3MXSJTTQ7F2Y,Tea,89.0,2080,2080.0,0.0,193.0,0.0,1784917430000,2026-07-24 18:23:50 UTC
FGP0JJ3C1DQC0,Chinese Combo Plate,1199.0,1322,1322.0,0.0,123.0,0.0,1784917557000,2026-07-24 18:25:57 UTC
XTW3Y9D2NPWZ2,Roti 1 Piece,79.0,261,261.0,,24.0,0.0,1784917976000,2026-07-24 18:32:56 UTC
XTW3Y9D2NPWZ2,Roti 1 Piece,79.0,261,261.0,,24.0,0.0,1784917976000,2026-07-24 18:32:56 UTC
XTW3Y9D2NPWZ2,Roti 1 Piece,79.0,261,261.0,,24.0,0.0,1784917976000,2026-07-24 18:32:56 UTC
EFKBR19HXTGEC,3 Veggie Combo Premium,999.0,2423,2423.0,0.0,225.0,0.0,1784918133000,2026-07-24 18:35:33 UTC
EFKBR19HXTGEC,Chinese Combo Plate,1199.0,2423,2423.0,0.0,225.0,0.0,1784918133000,2026-07-24 18:35:33 UTC
GRPZZ8QRHXFX0,Roti (10 Pack),549.0,4129,4129.0,,384.0,0.0,1784918400000,2026-07-24 18:40:00 UTC
GRPZZ8QRHXFX0,1 Dal/Sabzi Medium,0.0,4129,4129.0,,384.0,0.0,1784918400000,2026-07-24 18:40:00 UTC
GRPZZ8QRHXFX0,Aloo Parantha 4pc Pack,599.0,4129,4129.0,,384.0,0.0,1784918400000,2026-07-24 18:40:00 UTC
GRPZZ8QRHXFX0,Chili Garlic Noodles,0.0,4129,4129.0,,384.0,0.0,1784918400000,2026-07-24 18:40:00 UTC
GRPZZ8QRHXFX0,1 Dal/Sabzi Small,0.0,4129,4129.0,,384.0,0.0,1784918400000,2026-07-24 18:40:00 UTC
W7B1EJYNKWR9C,2 Veggie Combo,799.0,1762,1762.0,0.0,164.0,0.0,1784918471000,2026-07-24 18:41:11 UTC
W7B1EJYNKWR9C,Gajjar Halwa,0.0,1762,1762.0,0.0,164.0,0.0,1784918471000,2026-07-24 18:41:11 UTC
66KDT3KF7ZSQR,Samosa,149.0,657,657.0,0.0,61.0,0.0,1784918500000,2026-07-24 18:41:40 UTC
66KDT3KF7ZSQR,Samosa,149.0,657,657.0,0.0,61.0,0.0,1784918500000,2026-07-24 18:41:40 UTC
66KDT3KF7ZSQR,Samosa,149.0,657,657.0,0.0,61.0,0.0,1784918500000,2026-07-24 18:41:40 UTC
66KDT3KF7ZSQR,Samosa,149.0,657,657.0,0.0,61.0,0.0,1784918500000,2026-07-24 18:41:40 UTC
6RC36S34EW0BJ,Aloo Parantha 4pc Pack,599.0,1321,1321.0,0.0,123.0,0.0,1784918535000,2026-07-24 18:42:15 UTC
6RC36S34EW0BJ,Methi Parantha 4pc Pack,599.0,1321,1321.0,0.0,123.0,0.0,1784918535000,2026-07-24 18:42:15 UTC
5EAV4RVFMM8ZM,Puff Patties,0.0,439,439.0,0.0,41.0,0.0,1784918628000,2026-07-24 18:43:48 UTC
5EAV4RVFMM8ZM,Samosa,149.0,439,439.0,0.0,41.0,0.0,1784918628000,2026-07-24 18:43:48 UTC
3093F3T4ZRBSA,Tea,89.0,262,262.0,0.0,24.0,0.0,1784918752000,2026-07-24 18:45:52 UTC
3093F3T4ZRBSA,Samosa,149.0,262,262.0,0.0,24.0,0.0,1784918752000,2026-07-24 18:45:52 UTC
CAZ5CJJ4DBT5C,Tea,89.0,196,196.0,,18.0,0.0,1784918782000,2026-07-24 18:46:22 UTC
CAZ5CJJ4DBT5C,Tea,89.0,196,196.0,,18.0,0.0,1784918782000,2026-07-24 18:46:22 UTC
6H4KB5QERP086,Pakora,0.0,1154,1154.0,0.0,107.0,0.0,1784919272000,2026-07-24 18:54:32 UTC
6H4KB5QERP086,Can Soda,199.0,1154,1154.0,0.0,107.0,0.0,1784919272000,2026-07-24 18:54:32 UTC
6H4KB5QERP086,Puff Patties,0.0,1154,1154.0,0.0,107.0,0.0,1784919272000,2026-07-24 18:54:32 UTC
7WTH9P4AXXZY6,Chinese Combo Plate,1199.0,2399,2399.0,0.0,223.0,0.0,1784919298000,2026-07-24 18:54:58 UTC
7WTH9P4AXXZY6,Tea,89.0,2399,2399.0,0.0,223.0,0.0,1784919298000,2026-07-24 18:54:58 UTC
7WTH9P4AXXZY6,2 Veggie Combo,799.0,2399,2399.0,0.0,223.0,0.0,1784919298000,2026-07-24 18:54:58 UTC
7WTH9P4AXXZY6,Tea,89.0,2399,2399.0,0.0,223.0,0.0,1784919298000,2026-07-24 18:54:58 UTC
1XYX887R0FZWC,Dahi Bhalla Chaat,649.0,815,815.0,0.0,67.0,0.0,1784919356000,2026-07-24 18:55:56 UTC
1XYX887R0FZWC,Water Bottle,99.0,815,815.0,0.0,67.0,0.0,1784919356000,2026-07-24 18:55:56 UTC
563XQ9KCB0PP4,Puff Patties,0.0,439,439.0,0.0,41.0,0.0,1784919403000,2026-07-24 18:56:43 UTC
563XQ9KCB0PP4,Samosa,149.0,439,439.0,0.0,41.0,0.0,1784919403000,2026-07-24 18:56:43 UTC
M087SN0AE6WFP,Onion,60.0,60,60.0,0.0,0.0,0.0,1784919434000,2026-07-24 18:57:14 UTC
GWS3TY4J8E2J0,Tea,89.0,98,98.0,,9.0,0.0,1784919491000,2026-07-24 18:58:11 UTC
6D24J9Z2FPCQ0,Roti (10 Pack),549.0,605,605.0,0.0,56.0,0.0,1784919604000,2026-07-24 19:00:04 UTC
04RP7139RYYQJ,Tea,89.0,196,196.0,,18.0,0.0,1784919687000,2026-07-24 19:01:27 UTC
04RP7139RYYQJ,Tea,89.0,196,196.0,,18.0,0.0,1784919687000,2026-07-24 19:01:27 UTC
3X1GY67PWHN9C,,,0,,,,,1784919822000,2026-07-24 19:03:42 UTC
MN2VNYVDMWVGR,1 Dal/Sabzi Medium,0.0,4625,4625.0,210.0,430.0,0.0,1784920044000,2026-07-24 19:07:24 UTC
MN2VNYVDMWVGR,Roti (10 Pack),549.0,4625,4625.0,210.0,430.0,0.0,1784920044000,2026-07-24 19:07:24 UTC
MN2VNYVDMWVGR,1 Dal/Sabzi Medium,0.0,4625,4625.0,210.0,430.0,0.0,1784920044000,2026-07-24 19:07:24 UTC
MN2VNYVDMWVGR,Roti (10 Pack),549.0,4625,4625.0,210.0,430.0,0.0,1784920044000,2026-07-24 19:07:24 UTC
MN2VNYVDMWVGR,1 Dal/Sabzi Large,0.0,4625,4625.0,210.0,430.0,0.0,1784920044000,2026-07-24 19:07:24 UTC
EPKN5XADEHX60,Tea,89.0,98,98.0,0.0,9.0,0.0,1784920065000,2026-07-24 19:07:45 UTC
EVR6CDWTW2F0W,Samosa Small 5pc,399.0,2093,2093.0,0.0,195.0,0.0,1784920315000,2026-07-24 19:11:55 UTC
EVR6CDWTW2F0W,1 Dal/Sabzi Large,0.0,2093,2093.0,0.0,195.0,0.0,1784920315000,2026-07-24 19:11:55 UTC
MW2ZCB41JYAE6,Puff Patties,0.0,2751,2751.0,0.0,256.0,0.0,1784920555000,2026-07-24 19:15:55 UTC
MW2ZCB41JYAE6,Chilli Baby Corn,0.0,2751,2751.0,0.0,256.0,0.0,1784920555000,2026-07-24 19:15:55 UTC
9HK613KG6KHPW,1 Dal/Sabzi Small,0.0,660,660.0,0.0,61.0,0.0,1784920614000,2026-07-24 19:16:54 UTC
S94JDFX9CW0TC,Store Employees Thali,500.0,719,719.0,,20.0,0.0,1784920670000,2026-07-24 19:17:50 UTC
S94JDFX9CW0TC,Can Soda,199.0,719,719.0,,20.0,0.0,1784920670000,2026-07-24 19:17:50 UTC
R37XGYX467A60,Hakka Noodles,0.0,4957,4957.0,0.0,461.0,0.0,1784920749000,2026-07-24 19:19:09 UTC
R37XGYX467A60,Chili Garlic Noodles,0.0,4957,4957.0,0.0,461.0,0.0,1784920749000,2026-07-24 19:19:09 UTC
R37XGYX467A60,1 Dal/Sabzi Medium,0.0,4957,4957.0,0.0,461.0,0.0,1784920749000,2026-07-24 19:19:09 UTC
R37XGYX467A60,Gajjar Halwa,0.0,4957,4957.0,0.0,461.0,0.0,1784920749000,2026-07-24 19:19:09 UTC
ZT23F9EYSN7X6,Schezwan Fried Rice,0.0,2203,2203.0,0.0,205.0,0.0,1784920812000,2026-07-24 19:20:12 UTC
ZT23F9EYSN7X6,Paneer Sabzi Medium,899.0,2203,2203.0,0.0,205.0,0.0,1784920812000,2026-07-24 19:20:12 UTC
W439ND24A4X40,Samosa,149.0,2090,2090.0,0.0,194.0,0.0,1784920866000,2026-07-24 19:21:06 UTC
W439ND24A4X40,2 Veggie Combo,799.0,2090,2090.0,0.0,194.0,0.0,1784920866000,2026-07-24 19:21:06 UTC
W439ND24A4X40,2 Veggie Combo,799.0,2090,2090.0,0.0,194.0,0.0,1784920866000,2026-07-24 19:21:06 UTC
W439ND24A4X40,Samosa,149.0,2090,2090.0,0.0,194.0,0.0,1784920866000,2026-07-24 19:21:06 UTC
3X8H99CK96PC2,Chinese Combo Plate,1199.0,1322,1322.0,0.0,123.0,0.0,1784921245000,2026-07-24 19:27:25 UTC
KH0Q5H64DSBX0,Chinese Combo Plate,1199.0,1541,1541.0,0.0,143.0,0.0,1784921401000,2026-07-24 19:30:01 UTC
KH0Q5H64DSBX0,Can Soda,199.0,1541,1541.0,0.0,143.0,0.0,1784921401000,2026-07-24 19:30:01 UTC
3XCTH4CGRVQHM,Puff Patties,0.0,549,549.0,,51.0,0.0,1784921543000,2026-07-24 19:32:23 UTC
NNE97KAT7NF62,Tea,89.0,98,98.0,,9.0,0.0,1784921571000,2026-07-24 19:32:51 UTC
V3N2MQN6743DW,Puff Patties,0.0,1155,1155.0,0.0,107.0,0.0,1784921705000,2026-07-24 19:35:05 UTC
V3N2MQN6743DW,2 Veggie Combo,799.0,1155,1155.0,0.0,107.0,0.0,1784921705000,2026-07-24 19:35:05 UTC
W4SW5Y15Q26GC,Samosa Small 5pc,399.0,768,768.0,,71.0,0.0,1784921915000,2026-07-24 19:38:35 UTC
W4SW5Y15Q26GC,Samosa,149.0,768,768.0,,71.0,0.0,1784921915000,2026-07-24 19:38:35 UTC
W4SW5Y15Q26GC,Samosa,149.0,768,768.0,,71.0,0.0,1784921915000,2026-07-24 19:38:35 UTC
0TZFGDGBGNKWT,Puff Patties,0.0,1594,1594.0,0.0,148.0,0.0,1784921957000,2026-07-24 19:39:17 UTC
0TZFGDGBGNKWT,Vada Pao,799.0,1594,1594.0,0.0,148.0,0.0,1784921957000,2026-07-24 19:39:17 UTC
0TZFGDGBGNKWT,Samosa,149.0,1594,1594.0,0.0,148.0,0.0,1784921957000,2026-07-24 19:39:17 UTC
DSE3PDHZS19Z0,Tea,89.0,98,98.0,,9.0,0.0,1784922017000,2026-07-24 19:40:17 UTC
WRPZJ0Y6WKM9E,Samosa,149.0,1308,1308.0,0.0,122.0,0.0,1784922300000,2026-07-24 19:45:00 UTC
WRPZJ0Y6WKM9E,Samosa,149.0,1308,1308.0,0.0,122.0,0.0,1784922300000,2026-07-24 19:45:00 UTC
WRPZJ0Y6WKM9E,Tea,89.0,1308,1308.0,0.0,122.0,0.0,1784922300000,2026-07-24 19:45:00 UTC
WRPZJ0Y6WKM9E,Gajjar Halwa,0.0,1308,1308.0,0.0,122.0,0.0,1784922300000,2026-07-24 19:45:00 UTC
WT3AT790H0TVA,,,0,,,,,1784922509000,2026-07-24 19:48:29 UTC
A5Y5ZHM0Y2W34,Samosa,149.0,164,164.0,0.0,15.0,0.0,1784922538000,2026-07-24 19:48:58 UTC
Y6B1BFCGD2N8P,3 Veggie Combo Premium,999.0,1101,1101.0,0.0,102.0,0.0,1784922588000,2026-07-24 19:49:48 UTC
QN4S84Q400Y1G,Store Employees Thali,500.0,500,500.0,,0.0,0.0,1784922663000,2026-07-24 19:51:03 UTC
KF3CCPW6H1VW0,Chinese Combo Plate,1199.0,1322,1322.0,,123.0,0.0,1784923021000,2026-07-24 19:57:01 UTC
NSTXXRP81KK2W,Schezwan Fried Rice,0.0,1653,1653.0,0.0,154.0,0.0,1784923112000,2026-07-24 19:58:32 UTC
FRRWEZ9H5M842,Paneer Sabzi Large,1499.0,2313,2313.0,0.0,215.0,0.0,1784923261000,2026-07-24 20:01:01 UTC
FRRWEZ9H5M842,Pakora,0.0,2313,2313.0,0.0,215.0,0.0,1784923261000,2026-07-24 20:01:01 UTC
MJ4J30RYPYPGG,Kadhi Chawal,799.0,1900,1900.0,,177.0,0.0,1784923500000,2026-07-24 20:05:00 UTC
MJ4J30RYPYPGG,Chole Bhature,899.0,1900,1900.0,,177.0,0.0,1784923500000,2026-07-24 20:05:00 UTC
MJ4J30RYPYPGG,Extra Sauce 2 Oz,25.0,1900,1900.0,,177.0,0.0,1784923500000,2026-07-24 20:05:00 UTC
PTNHEDK9EDG98,2 Veggie Combo,799.0,881,881.0,0.0,82.0,0.0,1784923785000,2026-07-24 20:09:45 UTC
3NFRAJPFV4FER,2 Veggie Combo,799.0,881,881.0,0.0,82.0,0.0,1784923853000,2026-07-24 20:10:53 UTC
SNN4GYAQRR240,Amritsari Kulcha Channa,899.0,1872,1872.0,0.0,174.0,0.0,1784923947000,2026-07-24 20:12:27 UTC
SNN4GYAQRR240,Gajjar Halwa,0.0,1872,1872.0,0.0,174.0,0.0,1784923947000,2026-07-24 20:12:27 UTC
BQFEXCDGF1Y9R,Spring Roll (4 Pieces),299.0,1980,1980.0,,184.0,0.0,1784924223000,2026-07-24 20:17:03 UTC
BQFEXCDGF1Y9R,Spring Roll (4 Pieces),299.0,1980,1980.0,,184.0,0.0,1784924223000,2026-07-24 20:17:03 UTC
BQFEXCDGF1Y9R,Pakora,0.0,1980,1980.0,,184.0,0.0,1784924223000,2026-07-24 20:17:03 UTC
MJY17HDJSXAKG,Roti (10 Pack),549.0,4184,4184.0,0.0,389.0,0.0,1784924224000,2026-07-24 20:17:04 UTC
MJY17HDJSXAKG,Dhokla,0.0,4184,4184.0,0.0,389.0,0.0,1784924224000,2026-07-24 20:17:04 UTC
MJY17HDJSXAKG,Roti (10 Pack),549.0,4184,4184.0,0.0,389.0,0.0,1784924224000,2026-07-24 20:17:04 UTC
DG24BXHWY61VY,Hakka Noodles,0.0,1212,1212.0,0.0,113.0,0.0,1784924315000,2026-07-24 20:18:35 UTC
NFQBQE9FK2KXR,Vegetable Biryani,1099.0,1212,1212.0,0.0,113.0,0.0,1784924418000,2026-07-24 20:20:18 UTC
Z05C6PNKKS70W,Tea Cup,25.0,28,28.0,0.0,3.0,0.0,1784924480000,2026-07-24 20:21:20 UTC
VDDGBM20C914C,Samosa,149.0,427,427.0,77.0,40.0,0.0,1784924531000,2026-07-24 20:22:11 UTC
VDDGBM20C914C,Samosa,149.0,427,427.0,77.0,40.0,0.0,1784924531000,2026-07-24 20:22:11 UTC
VDDGBM20C914C,Tea,89.0,427,427.0,77.0,40.0,0.0,1784924531000,2026-07-24 20:22:11 UTC
Z92A2XXGRBFRW,Samosa Chaat,859.0,947,947.0,0.0,88.0,0.0,1784924789000,2026-07-24 20:26:29 UTC
V9KMZ34QN69T2,Can Soda,199.0,4511,4511.0,0.0,419.0,0.0,1784924829000,2026-07-24 20:27:09 UTC
V9KMZ34QN69T2,2 Veggie Combo,799.0,4511,4511.0,0.0,419.0,0.0,1784924829000,2026-07-24 20:27:09 UTC
V9KMZ34QN69T2,2 Veggie Combo,799.0,4511,4511.0,0.0,419.0,0.0,1784924829000,2026-07-24 20:27:09 UTC
V9KMZ34QN69T2,2 Veggie Combo,799.0,4511,4511.0,0.0,419.0,0.0,1784924829000,2026-07-24 20:27:09 UTC
V9KMZ34QN69T2,Can Soda,199.0,4511,4511.0,0.0,419.0,0.0,1784924829000,2026-07-24 20:27:09 UTC
V9KMZ34QN69T2,Can Soda,199.0,4511,4511.0,0.0,419.0,0.0,1784924829000,2026-07-24 20:27:09 UTC
V9KMZ34QN69T2,Bottle Soda,299.0,4511,4511.0,0.0,419.0,0.0,1784924829000,2026-07-24 20:27:09 UTC
V9KMZ34QN69T2,2 Veggie Combo,799.0,4511,4511.0,0.0,419.0,0.0,1784924829000,2026-07-24 20:27:09 UTC
62A5FKT5QZ93E,Tea,89.0,196,196.0,0.0,18.0,0.0,1784924981000,2026-07-24 20:29:41 UTC
62A5FKT5QZ93E,Tea,89.0,196,196.0,0.0,18.0,0.0,1784924981000,2026-07-24 20:29:41 UTC
VCS2WB7P0W6HR,Paneer Sabzi Medium,899.0,1925,1925.0,0.0,179.0,0.0,1784925154000,2026-07-24 20:32:34 UTC
VCS2WB7P0W6HR,Samosa,149.0,1925,1925.0,0.0,179.0,0.0,1784925154000,2026-07-24 20:32:34 UTC
VCS2WB7P0W6HR,Samosa,149.0,1925,1925.0,0.0,179.0,0.0,1784925154000,2026-07-24 20:32:34 UTC
VCS2WB7P0W6HR,Roti (10 Pack),549.0,1925,1925.0,0.0,179.0,0.0,1784925154000,2026-07-24 20:32:34 UTC
Y7JZDM283F2DC,2 Veggie Combo,799.0,1762,1762.0,0.0,164.0,0.0,1784925188000,2026-07-24 20:33:08 UTC
Y7JZDM283F2DC,2 Veggie Combo,799.0,1762,1762.0,0.0,164.0,0.0,1784925188000,2026-07-24 20:33:08 UTC
74ANTWS07W48R,Samosa Small 5pc,399.0,2640,2640.0,120.0,245.0,0.0,1784925350000,2026-07-24 20:35:50 UTC
74ANTWS07W48R,Samosa Small 5pc,399.0,2640,2640.0,120.0,245.0,0.0,1784925350000,2026-07-24 20:35:50 UTC
74ANTWS07W48R,Small Chutney,399.0,2640,2640.0,120.0,245.0,0.0,1784925350000,2026-07-24 20:35:50 UTC
74ANTWS07W48R,Gajjar Halwa,0.0,2640,2640.0,120.0,245.0,0.0,1784925350000,2026-07-24 20:35:50 UTC
74ANTWS07W48R,Samosa Small 5pc,399.0,2640,2640.0,120.0,245.0,0.0,1784925350000,2026-07-24 20:35:50 UTC
P7SP8MJS8JV7T,Tea,89.0,1862,1862.0,84.0,173.0,0.0,1784925565000,2026-07-24 20:39:25 UTC
P7SP8MJS8JV7T,Tea,89.0,1862,1862.0,84.0,173.0,0.0,1784925565000,2026-07-24 20:39:25 UTC
P7SP8MJS8JV7T,Tea,89.0,1862,1862.0,84.0,173.0,0.0,1784925565000,2026-07-24 20:39:25 UTC
P7SP8MJS8JV7T,Pakora,0.0,1862,1862.0,84.0,173.0,0.0,1784925565000,2026-07-24 20:39:25 UTC
P7SP8MJS8JV7T,Tea,89.0,1862,1862.0,84.0,173.0,0.0,1784925565000,2026-07-24 20:39:25 UTC
P7SP8MJS8JV7T,Tea,89.0,1862,1862.0,84.0,173.0,0.0,1784925565000,2026-07-24 20:39:25 UTC
P7SP8MJS8JV7T,Tea,89.0,1862,1862.0,84.0,173.0,0.0,1784925565000,2026-07-24 20:39:25 UTC
P7SP8MJS8JV7T,Tea,89.0,1862,1862.0,84.0,173.0,0.0,1784925565000,2026-07-24 20:39:25 UTC
P7SP8MJS8JV7T,Tea,89.0,1862,1862.0,84.0,173.0,0.0,1784925565000,2026-07-24 20:39:25 UTC
P7SP8MJS8JV7T,Tea,89.0,1862,1862.0,84.0,173.0,0.0,1784925565000,2026-07-24 20:39:25 UTC
P7SP8MJS8JV7T,Tea,89.0,1862,1862.0,84.0,173.0,0.0,1784925565000,2026-07-24 20:39:25 UTC
SE1VB0RWKCZYE,1 Dal/Sabzi Small,0.0,660,660.0,30.0,61.0,0.0,1784925671000,2026-07-24 20:41:11 UTC
27Z2XT9PF9MY6,Samosa,149.0,329,329.0,0.0,31.0,0.0,1784925707000,2026-07-24 20:41:47 UTC
27Z2XT9PF9MY6,Samosa,149.0,329,329.0,0.0,31.0,0.0,1784925707000,2026-07-24 20:41:47 UTC
RYCSH6ARVZ1PE,Chili Garlic Noodles,0.0,1322,1322.0,,123.0,0.0,1784925864000,2026-07-24 20:44:24 UTC
0AWBJA17ZQYY4,2 Veggie Combo,799.0,881,881.0,,82.0,0.0,1784926103000,2026-07-24 20:48:23 UTC
JG4BH71KSAQ68,Roti (5 Pack),299.0,330,330.0,,31.0,0.0,1784926141000,2026-07-24 20:49:01 UTC
P41Y05YBD54FJ,Gajjar Halwa,0.0,2203,2203.0,,205.0,0.0,1784926273000,2026-07-24 20:51:13 UTC
P41Y05YBD54FJ,Chili Garlic Noodles,0.0,2203,2203.0,,205.0,0.0,1784926273000,2026-07-24 20:51:13 UTC
CMZCCGVVFMGNA,1 Dal/Sabzi Large,0.0,3085,3085.0,0.0,287.0,0.0,1784926395000,2026-07-24 20:53:15 UTC
RMV53FBZ54VET,Samosa,149.0,4507,4507.0,0.0,419.0,0.0,1784926542000,2026-07-24 20:55:42 UTC
RMV53FBZ54VET,Samosa,149.0,4507,4507.0,0.0,419.0,0.0,1784926542000,2026-07-24 20:55:42 UTC
RMV53FBZ54VET,Samosa,149.0,4507,4507.0,0.0,419.0,0.0,1784926542000,2026-07-24 20:55:42 UTC
RMV53FBZ54VET,Roti (10 Pack),549.0,4507,4507.0,0.0,419.0,0.0,1784926542000,2026-07-24 20:55:42 UTC
RMV53FBZ54VET,Samosa,149.0,4507,4507.0,0.0,419.0,0.0,1784926542000,2026-07-24 20:55:42 UTC
RMV53FBZ54VET,Puff Patties,0.0,4507,4507.0,0.0,419.0,0.0,1784926542000,2026-07-24 20:55:42 UTC
RMV53FBZ54VET,Roti (10 Pack),549.0,4507,4507.0,0.0,419.0,0.0,1784926542000,2026-07-24 20:55:42 UTC
RMV53FBZ54VET,Samosa Small 5pc,399.0,4507,4507.0,0.0,419.0,0.0,1784926542000,2026-07-24 20:55:42 UTC
RMV53FBZ54VET,Samosa Small 5pc,399.0,4507,4507.0,0.0,419.0,0.0,1784926542000,2026-07-24 20:55:42 UTC
RMV53FBZ54VET,Roti (10 Pack),549.0,4507,4507.0,0.0,419.0,0.0,1784926542000,2026-07-24 20:55:42 UTC
RMV53FBZ54VET,Roti (10 Pack),549.0,4507,4507.0,0.0,419.0,0.0,1784926542000,2026-07-24 20:55:42 UTC
5CZNV0JBS4PHE,Roti (5 Pack),299.0,330,330.0,0.0,31.0,0.0,1784926570000,2026-07-24 20:56:10 UTC
7V5V22B1DBPSJ,Vegetable Biryani,1099.0,2864,2864.0,0.0,266.0,0.0,1784926586000,2026-07-24 20:56:26 UTC
7V5V22B1DBPSJ,1 Dal/Sabzi Large,0.0,2864,2864.0,0.0,266.0,0.0,1784926586000,2026-07-24 20:56:26 UTC
HC8VMVQQCF2RE,Tea,89.0,98,98.0,0.0,9.0,0.0,1784926636000,2026-07-24 20:57:16 UTC
PT1HDSE2Z063E,Hot Gulab Jamun,299.0,989,989.0,0.0,92.0,0.0,1784926958000,2026-07-24 21:02:38 UTC
PT1HDSE2Z063E,Hot Gulab Jamun,299.0,989,989.0,0.0,92.0,0.0,1784926958000,2026-07-24 21:02:38 UTC
PT1HDSE2Z063E,Hot Gulab Jamun,299.0,989,989.0,0.0,92.0,0.0,1784926958000,2026-07-24 21:02:38 UTC
BRYX6RZN5EYEJ,Rice Medium,399.0,440,440.0,0.0,41.0,0.0,1784927036000,2026-07-24 21:03:56 UTC
Z16EFM3KK3SHA,Puff Patties,0.0,1098,1098.0,0.0,102.0,0.0,1784927103000,2026-07-24 21:05:03 UTC
EHCY82RHWZFWE,Samosa Chaat,859.0,947,947.0,0.0,88.0,0.0,1784927193000,2026-07-24 21:06:33 UTC
ZTW3V59DCAK20,Dahi Bhalla Chaat,649.0,716,716.0,0.0,67.0,0.0,1784927600000,2026-07-24 21:13:20 UTC
YTPJVKZ18C7YR,1 Dal/Sabzi Small,0.0,922,922.0,0.0,86.0,0.0,1784927630000,2026-07-24 21:13:50 UTC
YTPJVKZ18C7YR,Roti 1 Piece,79.0,922,922.0,0.0,86.0,0.0,1784927630000,2026-07-24 21:13:50 UTC
YTPJVKZ18C7YR,Roti 1 Piece,79.0,922,922.0,0.0,86.0,0.0,1784927630000,2026-07-24 21:13:50 UTC
YTPJVKZ18C7YR,Roti 1 Piece,79.0,922,922.0,0.0,86.0,0.0,1784927630000,2026-07-24 21:13:50 UTC
E5PV2N9XZNT1T,Dhokla,0.0,2973,2973.0,0.0,276.0,0.0,1784927698000,2026-07-24 21:14:58 UTC
E5PV2N9XZNT1T,Gobi Manchurian,0.0,2973,2973.0,0.0,276.0,0.0,1784927698000,2026-07-24 21:14:58 UTC
6DGJP63J13YB0,2 Veggie Combo,799.0,881,881.0,,82.0,0.0,1784927796000,2026-07-24 21:16:36 UTC
JSY598W44TQC8,Vegetable Biryani,1099.0,1817,1817.0,0.0,169.0,0.0,1784927804000,2026-07-24 21:16:44 UTC
JSY598W44TQC8,Roti (10 Pack),549.0,1817,1817.0,0.0,169.0,0.0,1784927804000,2026-07-24 21:16:44 UTC
N9N4MXAC1SJRT,Samosa,149.0,1430,1430.0,0.0,133.0,0.0,1784927897000,2026-07-24 21:18:17 UTC
N9N4MXAC1SJRT,3 Veggie Combo Premium,999.0,1430,1430.0,0.0,133.0,0.0,1784927897000,2026-07-24 21:18:17 UTC
N9N4MXAC1SJRT,Samosa,149.0,1430,1430.0,0.0,133.0,0.0,1784927897000,2026-07-24 21:18:17 UTC
F8S05T11KM010,Vegetable Biryani,1099.0,1212,1212.0,165.0,113.0,0.0,1784928065000,2026-07-24 21:21:05 UTC
2ZW7SZFJMQ33C,Vegetable Biryani,1099.0,1212,1212.0,0.0,113.0,0.0,1784928195000,2026-07-24 21:23:15 UTC
0A7C3VS51K32M,Kitchen Employee Thali,500.0,500,500.0,,0.0,0.0,1784928339000,2026-07-24 21:25:39 UTC
PH9VPM6JDYW2C,Roti (10 Pack),549.0,5120,5120.0,0.0,476.0,0.0,1784928690000,2026-07-24 21:31:30 UTC
PH9VPM6JDYW2C,Roti (10 Pack),549.0,5120,5120.0,0.0,476.0,0.0,1784928690000,2026-07-24 21:31:30 UTC
PH9VPM6JDYW2C,Roti (10 Pack),549.0,5120,5120.0,0.0,476.0,0.0,1784928690000,2026-07-24 21:31:30 UTC
PH9VPM6JDYW2C,Dhokla,0.0,5120,5120.0,0.0,476.0,0.0,1784928690000,2026-07-24 21:31:30 UTC
5WBEYP1Z1WXQW,Samosa,149.0,1871,1871.0,0.0,174.0,0.0,1784928726000,2026-07-24 21:32:06 UTC
5WBEYP1Z1WXQW,Gajjar Halwa,0.0,1871,1871.0,0.0,174.0,0.0,1784928726000,2026-07-24 21:32:06 UTC
5WBEYP1Z1WXQW,Samosa,149.0,1871,1871.0,0.0,174.0,0.0,1784928726000,2026-07-24 21:32:06 UTC
TWJ2YXHJ04B3M,Roti (10 Pack),549.0,605,605.0,0.0,56.0,0.0,1784928901000,2026-07-24 21:35:01 UTC
T57JDETQJJKHJ,Store Employees Thali,500.0,500,500.0,,0.0,0.0,1784928981000,2026-07-24 21:36:21 UTC
ACZTH8F71VC64,Paneer Sabzi Large,1499.0,2862,2862.0,0.0,266.0,0.0,1784929572000,2026-07-24 21:46:12 UTC
ACZTH8F71VC64,Roti (10 Pack),549.0,2862,2862.0,0.0,266.0,0.0,1784929572000,2026-07-24 21:46:12 UTC
ACZTH8F71VC64,Puff Patties,0.0,2862,2862.0,0.0,266.0,0.0,1784929572000,2026-07-24 21:46:12 UTC
ACZTH8F71VC64,Roti (5 Pack),299.0,2862,2862.0,0.0,266.0,0.0,1784929572000,2026-07-24 21:46:12 UTC
PFPAKH09YGWRR,Puff Patties,0.0,714,714.0,0.0,66.0,0.0,1784929776000,2026-07-24 21:49:36 UTC
PFPAKH09YGWRR,Samosa Small 5pc,399.0,714,714.0,0.0,66.0,0.0,1784929776000,2026-07-24 21:49:36 UTC
0RR2QC5WN1BJ0,Puff Patties,0.0,275,275.0,0.0,26.0,0.0,1784929835000,2026-07-24 21:50:35 UTC
D7Q2TVDSYSG50,Samosa Small 5pc,399.0,880,880.0,0.0,82.0,0.0,1784929899000,2026-07-24 21:51:39 UTC
D7Q2TVDSYSG50,Samosa Small 5pc,399.0,880,880.0,0.0,82.0,0.0,1784929899000,2026-07-24 21:51:39 UTC
6626JFRG7SMXE,Dahi Poori,749.0,1154,1154.0,0.0,107.0,0.0,1784929950000,2026-07-24 21:52:30 UTC
6626JFRG7SMXE,Samosa,149.0,1154,1154.0,0.0,107.0,0.0,1784929950000,2026-07-24 21:52:30 UTC
6626JFRG7SMXE,Samosa,149.0,1154,1154.0,0.0,107.0,0.0,1784929950000,2026-07-24 21:52:30 UTC
KWNBWJCV3E53R,Chinese Combo Plate,1199.0,1322,1322.0,0.0,123.0,0.0,1784930054000,2026-07-24 21:54:14 UTC
XRA8GF0XJC7HC,Samosa,149.0,493,493.0,0.0,46.0,0.0,1784930201000,2026-07-24 21:56:41 UTC
XRA8GF0XJC7HC,Samosa,149.0,493,493.0,0.0,46.0,0.0,1784930201000,2026-07-24 21:56:41 UTC
XRA8GF0XJC7HC,Samosa,149.0,493,493.0,0.0,46.0,0.0,1784930201000,2026-07-24 21:56:41 UTC
ZTEQZWXGWWJCJ,Gajjar Halwa,0.0,2753,2753.0,0.0,256.0,0.0,1784930242000,2026-07-24 21:57:22 UTC
ZTEQZWXGWWJCJ,1 Dal/Sabzi Small,0.0,2753,2753.0,0.0,256.0,0.0,1784930242000,2026-07-24 21:57:22 UTC
ZTEQZWXGWWJCJ,Vegetable Biryani,1099.0,2753,2753.0,0.0,256.0,0.0,1784930242000,2026-07-24 21:57:22 UTC
66RD04KQ6P33A,2 Veggie Combo,799.0,2203,2203.0,0.0,205.0,0.0,1784930282000,2026-07-24 21:58:02 UTC
66RD04KQ6P33A,Chinese Combo Plate,1199.0,2203,2203.0,0.0,205.0,0.0,1784930282000,2026-07-24 21:58:02 UTC
PJ7MV7WY2VZCW,Hot Gulab Jamun,299.0,330,330.0,0.0,31.0,0.0,1784930323000,2026-07-24 21:58:43 UTC
05HFVWP9EQ4XT,1 Dal/Sabzi Small,0.0,660,660.0,0.0,61.0,0.0,1784930346000,2026-07-24 21:59:06 UTC
DG4G08F8TN7QE,1 Dal/Sabzi Small,0.0,1077,1077.0,0.0,100.0,0.0,1784930386000,2026-07-24 21:59:46 UTC
DG4G08F8TN7QE,Roti (5 Pack),299.0,1077,1077.0,0.0,100.0,0.0,1784930386000,2026-07-24 21:59:46 UTC
DG4G08F8TN7QE,Roti 1 Piece,79.0,1077,1077.0,0.0,100.0,0.0,1784930386000,2026-07-24 21:59:46 UTC
WBRP24Q6YM4QT,Roti (10 Pack),549.0,2863,2863.0,0.0,266.0,0.0,1784930416000,2026-07-24 22:00:16 UTC
WBRP24Q6YM4QT,Roti (10 Pack),549.0,2863,2863.0,0.0,266.0,0.0,1784930416000,2026-07-24 22:00:16 UTC
WBRP24Q6YM4QT,Paneer Sabzi Large,1499.0,2863,2863.0,0.0,266.0,0.0,1784930416000,2026-07-24 22:00:16 UTC
2CZ17SPEMBE4C,Samosa,149.0,2091,2091.0,0.0,194.0,0.0,1784930826000,2026-07-24 22:07:06 UTC
2CZ17SPEMBE4C,Chili Garlic Noodles,0.0,2091,2091.0,0.0,194.0,0.0,1784930826000,2026-07-24 22:07:06 UTC
2CZ17SPEMBE4C,Samosa,149.0,2091,2091.0,0.0,194.0,0.0,1784930826000,2026-07-24 22:07:06 UTC
DW1CPAPR39D64,Samosa,149.0,493,493.0,,46.0,0.0,1784930879000,2026-07-24 22:07:59 UTC
DW1CPAPR39D64,Samosa,149.0,493,493.0,,46.0,0.0,1784930879000,2026-07-24 22:07:59 UTC
DW1CPAPR39D64,Samosa,149.0,493,493.0,,46.0,0.0,1784930879000,2026-07-24 22:07:59 UTC
Q5JS92YYFY5TP,Tea,89.0,427,427.0,0.0,40.0,0.0,1784931161000,2026-07-24 22:12:41 UTC
Q5JS92YYFY5TP,Samosa,149.0,427,427.0,0.0,40.0,0.0,1784931161000,2026-07-24 22:12:41 UTC
Q5JS92YYFY5TP,Samosa,149.0,427,427.0,0.0,40.0,0.0,1784931161000,2026-07-24 22:12:41 UTC
FP59DP7SV8190,1 Dal/Sabzi Small,0.0,660,660.0,0.0,61.0,0.0,1784931659000,2026-07-24 22:20:59 UTC
08HZBNF0GBMET,Tea,89.0,196,196.0,0.0,18.0,0.0,1784931913000,2026-07-24 22:25:13 UTC
08HZBNF0GBMET,Tea,89.0,196,196.0,0.0,18.0,0.0,1784931913000,2026-07-24 22:25:13 UTC
NMCRC8VSSFJHY,Roti (10 Pack),549.0,2032,2032.0,0.0,189.0,0.0,1784932181000,2026-07-24 22:29:41 UTC
NMCRC8VSSFJHY,Roti (10 Pack),549.0,2032,2032.0,0.0,189.0,0.0,1784932181000,2026-07-24 22:29:41 UTC
NMCRC8VSSFJHY,Samosa,149.0,2032,2032.0,0.0,189.0,0.0,1784932181000,2026-07-24 22:29:41 UTC
NMCRC8VSSFJHY,Samosa,149.0,2032,2032.0,0.0,189.0,0.0,1784932181000,2026-07-24 22:29:41 UTC
NMCRC8VSSFJHY,Samosa,149.0,2032,2032.0,0.0,189.0,0.0,1784932181000,2026-07-24 22:29:41 UTC
NMCRC8VSSFJHY,Samosa,149.0,2032,2032.0,0.0,189.0,0.0,1784932181000,2026-07-24 22:29:41 UTC
NMCRC8VSSFJHY,Samosa,149.0,2032,2032.0,0.0,189.0,0.0,1784932181000,2026-07-24 22:29:41 UTC
JFSEQDWBKEE30,Tea,89.0,98,98.0,0.0,9.0,0.0,1784932272000,2026-07-24 22:31:12 UTC
VB47KS1017P2E,Kulcha,499.0,550,550.0,0.0,51.0,0.0,1784932436000,2026-07-24 22:33:56 UTC
PZNZ3MQ44JSKY,Samosa,149.0,755,755.0,,70.0,0.0,1784932482000,2026-07-24 22:34:42 UTC
PZNZ3MQ44JSKY,Samosa,149.0,755,755.0,,70.0,0.0,1784932482000,2026-07-24 22:34:42 UTC
PZNZ3MQ44JSKY,Samosa,149.0,755,755.0,,70.0,0.0,1784932482000,2026-07-24 22:34:42 UTC
PZNZ3MQ44JSKY,Samosa,149.0,755,755.0,,70.0,0.0,1784932482000,2026-07-24 22:34:42 UTC
PZNZ3MQ44JSKY,Tea,89.0,755,755.0,,70.0,0.0,1784932482000,2026-07-24 22:34:42 UTC
ZVHPD765GFFT6,1 Dal/Sabzi Medium,0.0,3733,3733.0,0.0,347.0,0.0,1784932979000,2026-07-24 22:42:59 UTC
ZVHPD765GFFT6,Tea,89.0,3733,3733.0,0.0,347.0,0.0,1784932979000,2026-07-24 22:42:59 UTC
ZVHPD765GFFT6,Gajjar Halwa,0.0,3733,3733.0,0.0,347.0,0.0,1784932979000,2026-07-24 22:42:59 UTC
ZVHPD765GFFT6,Hakka Noodles,0.0,3733,3733.0,0.0,347.0,0.0,1784932979000,2026-07-24 22:42:59 UTC
2F4RMFYN6WKJC,Hot Gulab Jamun,299.0,785,785.0,0.0,73.0,0.0,1784933004000,2026-07-24 22:43:24 UTC
2F4RMFYN6WKJC,Tea,89.0,785,785.0,0.0,73.0,0.0,1784933004000,2026-07-24 22:43:24 UTC
2F4RMFYN6WKJC,Dhokla,0.0,785,785.0,0.0,73.0,0.0,1784933004000,2026-07-24 22:43:24 UTC
2F4RMFYN6WKJC,Tea Cup,25.0,785,785.0,0.0,73.0,0.0,1784933004000,2026-07-24 22:43:24 UTC
KS9SP5WS6H6C4,Paneer Sabzi Medium,899.0,1321,1321.0,0.0,123.0,0.0,1784933031000,2026-07-24 22:43:51 UTC
KS9SP5WS6H6C4,Roti (5 Pack),299.0,1321,1321.0,0.0,123.0,0.0,1784933031000,2026-07-24 22:43:51 UTC
3Q2N958T78NKE,Puff Patties,0.0,439,439.0,0.0,41.0,0.0,1784933232000,2026-07-24 22:47:12 UTC
3Q2N958T78NKE,Samosa,149.0,439,439.0,0.0,41.0,0.0,1784933232000,2026-07-24 22:47:12 UTC
RC4FEWKVW900J,2 Veggie Combo,799.0,881,881.0,0.0,82.0,0.0,1784933266000,2026-07-24 22:47:46 UTC
2WVD3V8QQ9KBG,Dhokla,0.0,660,660.0,0.0,61.0,0.0,1784933420000,2026-07-24 22:50:20 UTC
YNNWCC3YSBKJE,Paneer Pakora (5 Pieces),499.0,990,990.0,0.0,92.0,0.0,1784933505000,2026-07-24 22:51:45 UTC
YNNWCC3YSBKJE,Samosa Small 5pc,399.0,990,990.0,0.0,92.0,0.0,1784933505000,2026-07-24 22:51:45 UTC
9JFGQD03E67N2,Samosa,149.0,989,989.0,0.0,92.0,0.0,1784933574000,2026-07-24 22:52:54 UTC
9JFGQD03E67N2,Samosa,149.0,989,989.0,0.0,92.0,0.0,1784933574000,2026-07-24 22:52:54 UTC
9JFGQD03E67N2,Gobi Parantha 4Pc Pack,599.0,989,989.0,0.0,92.0,0.0,1784933574000,2026-07-24 22:52:54 UTC
FNYKW1CNTNRX6,Samosa Small 5pc,399.0,2202,2202.0,100.0,205.0,0.0,1784933625000,2026-07-24 22:53:45 UTC
FNYKW1CNTNRX6,Chili Gobi,0.0,2202,2202.0,100.0,205.0,0.0,1784933625000,2026-07-24 22:53:45 UTC
FNYKW1CNTNRX6,Samosa Small 5pc,399.0,2202,2202.0,100.0,205.0,0.0,1784933625000,2026-07-24 22:53:45 UTC
RWXY92SQ4V7JJ,1 Dal/Sabzi Small,0.0,1321,1321.0,0.0,123.0,0.0,1784933731000,2026-07-24 22:55:31 UTC
ANGNG0B4MC5B6,Puff Patties,0.0,2312,2312.0,0.0,215.0,0.0,1784933793000,2026-07-24 22:56:33 UTC
ANGNG0B4MC5B6,Chili Garlic Noodles,0.0,2312,2312.0,0.0,215.0,0.0,1784933793000,2026-07-24 22:56:33 UTC
ZJWBS4GW3JZGT,Chinese Combo Plate,1199.0,1322,1322.0,0.0,123.0,0.0,1784934003000,2026-07-24 23:00:03 UTC
DM263PR6BFEB4,Samosa Small 5pc,399.0,440,440.0,0.0,41.0,0.0,1784934034000,2026-07-24 23:00:34 UTC
48DQ56VGSQ9W6,Gobi Manchurian,0.0,1322,1322.0,0.0,123.0,0.0,1784934089000,2026-07-24 23:01:29 UTC
SHK7HQ4CHWMT6,Mango Lassi,399.0,880,880.0,0.0,82.0,0.0,1784934163000,2026-07-24 23:02:43 UTC
SHK7HQ4CHWMT6,Mango Lassi,399.0,880,880.0,0.0,82.0,0.0,1784934163000,2026-07-24 23:02:43 UTC
7R95ED75VZASG,Tea,89.0,98,98.0,0.0,9.0,0.0,1784934245000,2026-07-24 23:04:05 UTC
SQANTDW3ZRRVW,Tea,89.0,98,98.0,0.0,9.0,0.0,1784934405000,2026-07-24 23:06:45 UTC
42R1WKWYGWVXP,Roti (5 Pack),299.0,2477,2477.0,0.0,230.0,0.0,1784934466000,2026-07-24 23:07:46 UTC
42R1WKWYGWVXP,Chilli Baby Corn,0.0,2477,2477.0,0.0,230.0,0.0,1784934466000,2026-07-24 23:07:46 UTC
42R1WKWYGWVXP,1 Dal/Sabzi Medium,0.0,2477,2477.0,0.0,230.0,0.0,1784934466000,2026-07-24 23:07:46 UTC
QRW4C0GSZNPDE,Roti (10 Pack),549.0,3743,3743.0,170.0,348.0,0.0,1784934784000,2026-07-24 23:13:04 UTC
QRW4C0GSZNPDE,1 Dal/Sabzi Medium,0.0,3743,3743.0,170.0,348.0,0.0,1784934784000,2026-07-24 23:13:04 UTC
QRW4C0GSZNPDE,Rice Medium,399.0,3743,3743.0,170.0,348.0,0.0,1784934784000,2026-07-24 23:13:04 UTC
CSGJXRT2B9NYW,Samosa Chaat,859.0,1045,1045.0,142.0,97.0,0.0,1784934858000,2026-07-24 23:14:18 UTC
CSGJXRT2B9NYW,Tea,89.0,1045,1045.0,142.0,97.0,0.0,1784934858000,2026-07-24 23:14:18 UTC
C4S23P6QH7R00,Samosa,149.0,329,329.0,0.0,31.0,0.0,1784934932000,2026-07-24 23:15:32 UTC
C4S23P6QH7R00,Samosa,149.0,329,329.0,0.0,31.0,0.0,1784934932000,2026-07-24 23:15:32 UTC
GPK2XF4QQM56G,Tea,89.0,98,98.0,,9.0,0.0,1784934964000,2026-07-24 23:16:04 UTC
J5KM57XK5FSXC,Samosa,149.0,1643,1643.0,0.0,153.0,0.0,1784935023000,2026-07-24 23:17:03 UTC
J5KM57XK5FSXC,Samosa,149.0,1643,1643.0,0.0,153.0,0.0,1784935023000,2026-07-24 23:17:03 UTC
J5KM57XK5FSXC,Samosa,149.0,1643,1643.0,0.0,153.0,0.0,1784935023000,2026-07-24 23:17:03 UTC
J5KM57XK5FSXC,Samosa,149.0,1643,1643.0,0.0,153.0,0.0,1784935023000,2026-07-24 23:17:03 UTC
J5KM57XK5FSXC,Samosa,149.0,1643,1643.0,0.0,153.0,0.0,1784935023000,2026-07-24 23:17:03 UTC
J5KM57XK5FSXC,Samosa,149.0,1643,1643.0,0.0,153.0,0.0,1784935023000,2026-07-24 23:17:03 UTC
J5KM57XK5FSXC,Samosa,149.0,1643,1643.0,0.0,153.0,0.0,1784935023000,2026-07-24 23:17:03 UTC
J5KM57XK5FSXC,Samosa,149.0,1643,1643.0,0.0,153.0,0.0,1784935023000,2026-07-24 23:17:03 UTC
J5KM57XK5FSXC,Samosa,149.0,1643,1643.0,0.0,153.0,0.0,1784935023000,2026-07-24 23:17:03 UTC
J5KM57XK5FSXC,Samosa,149.0,1643,1643.0,0.0,153.0,0.0,1784935023000,2026-07-24 23:17:03 UTC
CGKZP40BXQDX8,Samosa,149.0,657,657.0,0.0,61.0,0.0,1784935103000,2026-07-24 23:18:23 UTC
CGKZP40BXQDX8,Samosa,149.0,657,657.0,0.0,61.0,0.0,1784935103000,2026-07-24 23:18:23 UTC
CGKZP40BXQDX8,Samosa,149.0,657,657.0,0.0,61.0,0.0,1784935103000,2026-07-24 23:18:23 UTC
CGKZP40BXQDX8,Samosa,149.0,657,657.0,0.0,61.0,0.0,1784935103000,2026-07-24 23:18:23 UTC
KFZ6GJDBQ2638,Tea Cup,25.0,165,165.0,0.0,15.0,0.0,1784935154000,2026-07-24 23:19:14 UTC
KFZ6GJDBQ2638,Tea Cup,25.0,165,165.0,0.0,15.0,0.0,1784935154000,2026-07-24 23:19:14 UTC
KFZ6GJDBQ2638,Tea Cup,25.0,165,165.0,0.0,15.0,0.0,1784935154000,2026-07-24 23:19:14 UTC
KFZ6GJDBQ2638,Tea Cup,25.0,165,165.0,0.0,15.0,0.0,1784935154000,2026-07-24 23:19:14 UTC
KFZ6GJDBQ2638,Tea Cup,25.0,165,165.0,0.0,15.0,0.0,1784935154000,2026-07-24 23:19:14 UTC
KFZ6GJDBQ2638,Tea Cup,25.0,165,165.0,0.0,15.0,0.0,1784935154000,2026-07-24 23:19:14 UTC
NCKWT3A68RBC6,Methi Parantha 4pc Pack,599.0,4957,4957.0,0.0,461.0,0.0,1784935204000,2026-07-24 23:20:04 UTC
NCKWT3A68RBC6,Veg Fried Rice,0.0,4957,4957.0,0.0,461.0,0.0,1784935204000,2026-07-24 23:20:04 UTC
NCKWT3A68RBC6,Gajjar Halwa,0.0,4957,4957.0,0.0,461.0,0.0,1784935204000,2026-07-24 23:20:04 UTC
NCKWT3A68RBC6,Hakka Noodles,0.0,4957,4957.0,0.0,461.0,0.0,1784935204000,2026-07-24 23:20:04 UTC
N916676Z7Q6DY,Tea,89.0,759,759.0,0.0,71.0,0.0,1784935279000,2026-07-24 23:21:19 UTC
N916676Z7Q6DY,1 Dal/Sabzi Small,0.0,759,759.0,0.0,71.0,0.0,1784935279000,2026-07-24 23:21:19 UTC
HWPPCC3PTN9W4,Tea,89.0,897,897.0,0.0,83.0,0.0,1784935391000,2026-07-24 23:23:11 UTC
HWPPCC3PTN9W4,Samosa,149.0,897,897.0,0.0,83.0,0.0,1784935391000,2026-07-24 23:23:11 UTC
HWPPCC3PTN9W4,Samosa,149.0,897,897.0,0.0,83.0,0.0,1784935391000,2026-07-24 23:23:11 UTC
HWPPCC3PTN9W4,Tea,89.0,897,897.0,0.0,83.0,0.0,1784935391000,2026-07-24 23:23:11 UTC
HWPPCC3PTN9W4,Puff Patties,0.0,897,897.0,0.0,83.0,0.0,1784935391000,2026-07-24 23:23:11 UTC
HWPPCC3PTN9W4,Tea,89.0,897,897.0,0.0,83.0,0.0,1784935391000,2026-07-24 23:23:11 UTC
3P7GH2ZH76D4J,Samosa,149.0,657,657.0,0.0,61.0,0.0,1784935505000,2026-07-24 23:25:05 UTC
3P7GH2ZH76D4J,Samosa,149.0,657,657.0,0.0,61.0,0.0,1784935505000,2026-07-24 23:25:05 UTC
3P7GH2ZH76D4J,Samosa,149.0,657,657.0,0.0,61.0,0.0,1784935505000,2026-07-24 23:25:05 UTC
3P7GH2ZH76D4J,Samosa,149.0,657,657.0,0.0,61.0,0.0,1784935505000,2026-07-24 23:25:05 UTC
1CRH474K1V6RW,1 Dal/Sabzi Large,0.0,4737,4737.0,,440.0,0.0,1784935613000,2026-07-24 23:26:53 UTC
1HP60VZS7RPG6,1 Dal/Sabzi Medium,0.0,881,881.0,0.0,82.0,0.0,1784936057000,2026-07-24 23:34:17 UTC
837DAYR0GXJ1C,Vada Pao,799.0,881,,,,,1784936107000,2026-07-24 23:35:07 UTC
3BFZJH52SHG5M,Puff Patties,0.0,549,549.0,,51.0,0.0,1784936111000,2026-07-24 23:35:11 UTC
KF2MRNNDWHED4,1 Dal/Sabzi Medium,0.0,1485,1485.0,0.0,138.0,0.0,1784936171000,2026-07-24 23:36:11 UTC
KF2MRNNDWHED4,Puff Patties,0.0,1485,1485.0,0.0,138.0,0.0,1784936171000,2026-07-24 23:36:11 UTC
211HB045DJ3WY,Dhokla,0.0,330,330.0,0.0,31.0,0.0,1784936244000,2026-07-24 23:37:24 UTC
6J6DHKWQKMK06,Samosa,149.0,493,493.0,0.0,46.0,0.0,1784936256000,2026-07-24 23:37:36 UTC
6J6DHKWQKMK06,Samosa,149.0,493,493.0,0.0,46.0,0.0,1784936256000,2026-07-24 23:37:36 UTC
6J6DHKWQKMK06,Samosa,149.0,493,493.0,0.0,46.0,0.0,1784936256000,2026-07-24 23:37:36 UTC
1JXR6ZCZHT20E,Tea,89.0,745,745.0,0.0,69.0,0.0,1784936525000,2026-07-24 23:42:05 UTC
1JXR6ZCZHT20E,Tea,89.0,745,745.0,0.0,69.0,0.0,1784936525000,2026-07-24 23:42:05 UTC
1JXR6ZCZHT20E,Puff Patties,0.0,745,745.0,0.0,69.0,0.0,1784936525000,2026-07-24 23:42:05 UTC
2H23HHJM7SRSY,Tea,89.0,1962,1962.0,0.0,182.0,0.0,1784936662000,2026-07-24 23:44:22 UTC
2H23HHJM7SRSY,Tea,89.0,1962,1962.0,0.0,182.0,0.0,1784936662000,2026-07-24 23:44:22 UTC
2H23HHJM7SRSY,Tea,89.0,1962,1962.0,0.0,182.0,0.0,1784936662000,2026-07-24 23:44:22 UTC
2H23HHJM7SRSY,Tea,89.0,1962,1962.0,0.0,182.0,0.0,1784936662000,2026-07-24 23:44:22 UTC
2H23HHJM7SRSY,Tea,89.0,1962,1962.0,0.0,182.0,0.0,1784936662000,2026-07-24 23:44:22 UTC
2H23HHJM7SRSY,Tea,89.0,1962,1962.0,0.0,182.0,0.0,1784936662000,2026-07-24 23:44:22 UTC
2H23HHJM7SRSY,Tea,89.0,1962,1962.0,0.0,182.0,0.0,1784936662000,2026-07-24 23:44:22 UTC
2H23HHJM7SRSY,Tea,89.0,1962,1962.0,0.0,182.0,0.0,1784936662000,2026-07-24 23:44:22 UTC
2H23HHJM7SRSY,Tea,89.0,1962,1962.0,0.0,182.0,0.0,1784936662000,2026-07-24 23:44:22 UTC
2H23HHJM7SRSY,Tea,89.0,1962,1962.0,0.0,182.0,0.0,1784936662000,2026-07-24 23:44:22 UTC
2H23HHJM7SRSY,Tea,89.0,1962,1962.0,0.0,182.0,0.0,1784936662000,2026-07-24 23:44:22 UTC
2H23HHJM7SRSY,Tea,89.0,1962,1962.0,0.0,182.0,0.0,1784936662000,2026-07-24 23:44:22 UTC
2H23HHJM7SRSY,Tea,89.0,1962,1962.0,0.0,182.0,0.0,1784936662000,2026-07-24 23:44:22 UTC
2H23HHJM7SRSY,Tea,89.0,1962,1962.0,0.0,182.0,0.0,1784936662000,2026-07-24 23:44:22 UTC
2H23HHJM7SRSY,Tea,89.0,1962,1962.0,0.0,182.0,0.0,1784936662000,2026-07-24 23:44:22 UTC
2H23HHJM7SRSY,Tea,89.0,1962,1962.0,0.0,182.0,0.0,1784936662000,2026-07-24 23:44:22 UTC
2H23HHJM7SRSY,Tea,89.0,1962,1962.0,0.0,182.0,0.0,1784936662000,2026-07-24 23:44:22 UTC
2H23HHJM7SRSY,Tea,89.0,1962,1962.0,0.0,182.0,0.0,1784936662000,2026-07-24 23:44:22 UTC
2H23HHJM7SRSY,Tea,89.0,1962,1962.0,0.0,182.0,0.0,1784936662000,2026-07-24 23:44:22 UTC
2H23HHJM7SRSY,Tea,89.0,1962,1962.0,0.0,182.0,0.0,1784936662000,2026-07-24 23:44:22 UTC
CFZFQ13D6XVSA,1 Dal/Sabzi Medium,0.0,3799,3799.0,0.0,353.0,0.0,1784936730000,2026-07-24 23:45:30 UTC
CFZFQ13D6XVSA,1 Dal/Sabzi Small,0.0,3799,3799.0,0.0,353.0,0.0,1784936730000,2026-07-24 23:45:30 UTC
CFZFQ13D6XVSA,Gajjar Halwa,0.0,3799,3799.0,0.0,353.0,0.0,1784936730000,2026-07-24 23:45:30 UTC
CFZFQ13D6XVSA,Chili Garlic Noodles,0.0,3799,3799.0,0.0,353.0,0.0,1784936730000,2026-07-24 23:45:30 UTC
0YADJK53Q5HVC,Dahi Poori,749.0,826,826.0,0.0,77.0,0.0,1784936785000,2026-07-24 23:46:25 UTC
BBRMWZKXH36SW,Samosa,149.0,164,164.0,0.0,15.0,0.0,1784936818000,2026-07-24 23:46:58 UTC
PYV57XV9C6AAA,Roti 1 Piece,79.0,1055,1055.0,0.0,98.0,0.0,1784936881000,2026-07-24 23:48:01 UTC
PYV57XV9C6AAA,2 Veggie Combo,799.0,1055,1055.0,0.0,98.0,0.0,1784936881000,2026-07-24 23:48:01 UTC
PYV57XV9C6AAA,Roti 1 Piece,79.0,1055,1055.0,0.0,98.0,0.0,1784936881000,2026-07-24 23:48:01 UTC
A7QZHMJ6YVVQA,1 Dal/Sabzi Large,0.0,3686,3686.0,167.0,343.0,0.0,1784937059000,2026-07-24 23:50:59 UTC
A7QZHMJ6YVVQA,1 Dal/Sabzi Medium,0.0,3686,3686.0,167.0,343.0,0.0,1784937059000,2026-07-24 23:50:59 UTC
A7QZHMJ6YVVQA,Samosa,149.0,3686,3686.0,167.0,343.0,0.0,1784937059000,2026-07-24 23:50:59 UTC
A7QZHMJ6YVVQA,Samosa,149.0,3686,3686.0,167.0,343.0,0.0,1784937059000,2026-07-24 23:50:59 UTC
A7QZHMJ6YVVQA,1 Dal/Sabzi Small,0.0,3686,3686.0,167.0,343.0,0.0,1784937059000,2026-07-24 23:50:59 UTC
A7QZHMJ6YVVQA,Samosa,149.0,3686,3686.0,167.0,343.0,0.0,1784937059000,2026-07-24 23:50:59 UTC
A7QZHMJ6YVVQA,Samosa,149.0,3686,3686.0,167.0,343.0,0.0,1784937059000,2026-07-24 23:50:59 UTC
V7FH30ERS4DDR,Samosa,149.0,1209,1209.0,0.0,112.0,0.0,1784937110000,2026-07-24 23:51:50 UTC
V7FH30ERS4DDR,2 Veggie Combo,799.0,1209,1209.0,0.0,112.0,0.0,1784937110000,2026-07-24 23:51:50 UTC
V7FH30ERS4DDR,Samosa,149.0,1209,1209.0,0.0,112.0,0.0,1784937110000,2026-07-24 23:51:50 UTC
2FTBFMAKWJKX0,Puff Patties,0.0,2751,2751.0,0.0,256.0,0.0,1784937134000,2026-07-24 23:52:14 UTC
2FTBFMAKWJKX0,1 Dal/Sabzi Large,0.0,2751,2751.0,0.0,256.0,0.0,1784937134000,2026-07-24 23:52:14 UTC
TF4HQSHJV2AY2,Dahi Poori,749.0,826,826.0,37.0,77.0,0.0,1784937162000,2026-07-24 23:52:42 UTC
YEX8H275EN1XJ,1 Dal/Sabzi Medium,0.0,1695,1695.0,0.0,158.0,0.0,1784937246000,2026-07-24 23:54:06 UTC
YEX8H275EN1XJ,Tea,89.0,1695,1695.0,0.0,158.0,0.0,1784937246000,2026-07-24 23:54:06 UTC
YEX8H275EN1XJ,Gobi Parantha 4Pc Pack,599.0,1695,1695.0,0.0,158.0,0.0,1784937246000,2026-07-24 23:54:06 UTC
7EX85YTGXEY2M,Dhokla,0.0,330,330.0,0.0,31.0,0.0,1784937360000,2026-07-24 23:56:00 UTC
